compoundId	compound	AnnapuRNA Score:RF_modern	AnnapuRNA Score:kNN_basic	AnnapuRNA Score:kNN_modern
1	19	-268.029	-293.451	-295.191
2	19	-268.011	-291.522	-294.281
3	19	-267.287	-292.005	-294.219
4	2,4,5,6-tetraaminopyrimidine	-337.439	-355.982	-364.419
5	2,4,5,6-tetraaminopyrimidine	-336.608	-362.486	-369.744
6	2,4,5,6-tetraaminopyrimidine	-339.969	-360.944	-369.744
7	2,4,6-triamino-1,3,5-triazine	-241.874	-256.025	-262.663
8	2,4,6-triamino-1,3,5-triazine	-240.941	-257.085	-261.371
9	2,4,6-triamino-1,3,5-triazine	-240.4	-253.822	-261.199
10	2,4,6-triaminopyrimidine	-297.206	-315.119	-321.189
11	2,4,6-triaminopyrimidine	-298.723	-316.477	-321.956
12	2,4,6-triaminopyrimidine	-288.532	-304.76	-311.716
13	2,4-diaminopyrimidine	-280.631	-297.009	-304.985
14	2,4-diaminopyrimidine	-278.285	-295.821	-303.124
15	2,4-diaminopyrimidine	-278.27	-295.764	-303.514
16	2,6-diaminopurine	-409.434	-452.404	-455.472
17	2,6-diaminopurine	-413.129	-454.465	-458.18
18	2,6-diaminopurine	-412.499	-452.416	-455.829
19	2-aminopurine	-433.366	-467.726	-474.372
20	2-aminopurine	-430.977	-465.977	-473.5
21	2-aminopurine	-431.729	-466.292	-473.345
22	2-fluoroadenine	-369.327	-406.103	-408.133
23	2-fluoroadenine	-370.383	-407.835	-409.0
24	2-fluoroadenine	-375.343	-408.511	-409.768
25	20	-293.532	-306.474	-311.593
26	20	-293.731	-306.784	-312.195
27	20	-294.541	-307.673	-312.643
28	21	-312.278	-329.543	-337.55
29	21	-289.263	-308.439	-312.474
30	21	-288.261	-307.574	-311.55
31	24	-369.274	-398.479	-402.371
32	24	-359.028	-389.7	-391.078
33	24	-370.897	-400.276	-404.212
34	25	-201.187	-206.013	-211.757
35	25	-188.216	-202.17	-205.778
36	25	-202.186	-205.584	-212.878
37	26	-243.219	-246.06	-261.115
38	26	-241.237	-246.067	-259.971
39	26	-243.607	-244.647	-261.285
40	27	-232.245	-243.229	-250.354
41	27	-233.977	-246.474	-252.756
42	27	-241.66	-253.149	-258.834
43	28	-66.648	-83.769	-91.338
44	28	-68.148	-85.147	-91.761
45	28	-76.392	-90.816	-96.509
46	6-bromoguanine	-388.684	-428.113	-432.035
47	6-bromoguanine	-388.873	-427.584	-431.634
48	6-bromoguanine	-387.833	-427.24	-431.33
49	6-chloroguanine	-236.256	-250.713	-257.694
50	6-chloroguanine	-239.169	-251.124	-258.376
51	6-chloroguanine	-240.664	-252.799	-260.423
52	6-methylaminopurine	-376.027	-403.532	-406.426
53	6-methylaminopurine	-375.113	-401.818	-405.422
54	6-methylaminopurine	-375.886	-402.573	-405.953
55	O6-methylguanine	-420.369	-448.433	-454.036
56	O6-methylguanine	-420.511	-447.806	-453.914
57	O6-methylguanine	-414.368	-443.627	-450.216
58	P04526248	-237.215	-258.088	-252.122
59	P04526248	-275.34	-285.258	-286.126
60	P04526248	-389.702	-400.133	-395.425
61	P05147970	-437.269	-453.791	-463.523
62	P05147970	-439.17	-455.264	-462.734
63	P05147970	-434.253	-449.042	-457.494
64	P05147973	-428.131	-443.0	-446.445
65	P05147973	-429.274	-443.958	-446.322
66	P05147973	-425.103	-441.776	-443.27
67	P05160873	-287.237	-284.336	-298.4
68	P05160873	-376.237	-374.018	-374.327
69	P05160873	-372.617	-370.538	-370.97
70	P05622710	-321.786	-324.018	-330.203
71	P05622710	-323.002	-324.709	-330.53
72	P05622710	-290.063	-299.228	-303.863
73	P05730549	-309.936	-324.528	-329.669
74	P05730549	-298.554	-315.627	-319.816
75	P05730549	-311.283	-325.353	-328.795
76	P06003582	-223.554	-246.287	-244.867
77	P06003582	-223.637	-245.834	-244.139
78	P06003582	-223.461	-246.928	-244.763
79	P06162918	-283.189	-301.519	-299.724
80	P06162918	-284.514	-302.478	-301.928
81	P06162918	-327.861	-328.742	-336.482
82	P06162920	-288.927	-297.729	-299.503
83	P06162920	-291.031	-296.749	-299.208
84	P06162920	-326.84	-330.781	-344.538
85	P06379833	-182.459	-187.822	-192.38
86	P06379833	-182.144	-186.562	-192.736
87	P06379833	-182.761	-187.849	-192.93
88	P06708473	-199.112	-209.179	-211.322
89	P06708473	-211.294	-221.687	-226.408
90	P06708473	-175.529	-179.977	-184.046
91	P06864458	-144.691	-142.911	-146.571
92	P06864458	-140.851	-141.187	-145.425
93	P06864458	-141.853	-142.209	-146.342
94	P06873249	-141.058	-141.886	-145.426
95	P06873249	-140.228	-141.77	-145.683
96	P06873249	-141.534	-142.517	-145.692
97	P06940431	-225.741	-234.771	-231.192
98	P06940431	-175.595	-176.961	-182.117
99	P06940431	-220.751	-228.886	-227.561
100	P07267247	-248.332	-258.459	-258.691
101	P07267247	-250.885	-255.837	-259.223
102	P07267247	-185.47	-185.606	-190.914
103	P07275946	-168.488	-166.834	-166.201
104	P07275946	-343.986	-357.405	-364.779
105	P07275946	-176.906	-171.51	-171.214
106	P07321143	-221.056	-225.921	-225.703
107	P07321143	-159.512	-164.442	-161.731
108	P07321143	-264.068	-282.73	-286.974
109	P07499278	-302.121	-330.258	-331.76
110	P07499278	-302.475	-330.181	-331.754
111	P07499278	-287.954	-317.844	-321.838
112	P07509428	-356.301	-364.931	-362.368
113	P07509428	-349.588	-360.478	-362.545
114	P07509428	-316.017	-314.825	-319.423
115	P07587534	-296.194	-309.173	-314.49
116	P07587534	-292.884	-309.94	-315.056
117	P07587534	-297.563	-308.805	-314.91
118	P07587628	-179.704	-178.181	-181.634
119	P07587628	-180.703	-177.831	-183.368
120	P07587628	-174.492	-171.171	-176.798
121	P08236010	-387.764	-412.56	-415.315
122	P08236010	-387.72	-408.865	-413.845
123	P08236010	-241.058	-245.49	-246.334
124	P08281619	-265.296	-272.272	-272.656
125	P08281619	-257.902	-258.998	-258.539
126	P08281619	-256.709	-254.198	-257.957
127	P08502090	-381.29	-410.767	-411.156
128	P08502090	-428.25	-463.02	-465.575
129	P08502090	-428.467	-459.437	-461.64
130	P08504266	-164.695	-177.145	-176.014
131	P08504266	-164.454	-177.754	-174.302
132	P08504266	-165.401	-178.612	-175.508
133	P08509442	-208.142	-216.598	-219.731
134	P08509442	-239.61	-231.596	-238.859
135	P08509442	-258.675	-267.77	-269.321
136	P08543123	-276.914	-283.451	-293.565
137	P08543123	-172.691	-168.619	-170.538
138	P08543123	-161.091	-161.121	-163.738
139	P08565280	-285.743	-300.124	-306.521
140	P08565280	-288.49	-301.416	-309.08
141	P08565280	-284.556	-297.834	-303.607
142	P08648168	-370.678	-402.126	-408.316
143	P08648168	-364.989	-397.186	-402.016
144	P08648168	-369.103	-401.188	-406.384
145	P08736860	-78.656	-81.022	-82.507
146	P08736860	-91.48	-89.9	-90.136
147	P08736860	-79.998	-79.945	-81.534
148	P08806353	-214.922	-226.431	-231.113
149	P08806353	-215.762	-227.239	-233.698
150	P08806353	-216.689	-228.002	-233.844
151	P08807601	-180.207	-185.735	-185.904
152	P08807601	-167.772	-175.504	-173.048
153	P08807601	-168.787	-175.393	-173.334
154	P09106717	-192.915	-194.78	-194.573
155	P09106717	-193.477	-198.7	-198.054
156	P09106717	-194.961	-199.124	-199.329
157	P09669162	-227.687	-224.145	-225.998
158	P09669162	-182.061	-175.178	-181.405
159	P09669162	-254.518	-262.267	-265.387
160	P09891088	-138.717	-137.841	-139.347
161	P09891088	-123.452	-117.187	-122.06
162	P09891088	-122.588	-117.673	-122.302
163	P101149041	-164.848	-167.569	-166.666
164	P101149041	-165.217	-165.415	-163.75
165	P101149041	-167.387	-167.004	-163.241
166	P10145198	-339.597	-340.347	-359.095
167	P10145198	-334.897	-358.628	-354.93
168	P10145198	-338.48	-338.488	-358.264
169	P101623589	-331.551	-345.946	-349.63
170	P101623589	-330.173	-343.77	-347.751
171	P101623589	-328.328	-341.932	-346.147
172	P101756367	-256.73	-263.688	-262.543
173	P101756367	-258.716	-264.153	-263.877
174	P101756367	-256.105	-261.478	-266.781
175	P101968359	-213.076	-212.573	-227.322
176	P101968359	-210.527	-199.824	-218.98
177	P101968359	-212.74	-216.526	-230.733
178	P102003146	-229.231	-227.882	-230.676
179	P102003146	-211.229	-220.358	-219.988
180	P102003146	-228.114	-242.537	-243.219
181	P102016704	-201.785	-202.994	-208.303
182	P102016704	-195.442	-194.864	-203.983
183	P102016704	-191.632	-189.118	-197.64
184	P105265063	-278.192	-290.747	-294.834
185	P105265063	-250.356	-264.236	-270.321
186	P105265063	-273.274	-286.378	-294.593
187	P106135150	-257.291	-265.624	-273.604
188	P106135150	-293.465	-306.943	-312.095
189	P106135150	-237.792	-239.365	-242.907
190	P10674555	-96.038	-96.403	-94.755
191	P10674555	-131.281	-131.615	-132.479
192	P10674555	-178.712	-185.627	-182.8
193	P107050635	-195.259	-193.474	-207.133
194	P107050635	-249.408	-253.698	-253.625
195	P107050635	-252.678	-256.931	-259.616
196	P107204890	-252.361	-261.766	-265.101
197	P107204890	-218.352	-214.627	-224.49
198	P107204890	-228.42	-229.353	-232.638
199	P107204897	-226.313	-227.326	-234.65
200	P107204897	-235.346	-246.765	-250.286
201	P107204897	-244.671	-248.169	-245.853
202	P107221164	-117.955	-121.924	-119.439
203	P107221164	-116.629	-120.424	-118.966
204	P107221164	-118.016	-119.997	-122.2
205	P107223300	-263.476	-272.387	-278.502
206	P107223300	-263.574	-270.109	-277.458
207	P107223300	-251.363	-252.452	-243.051
208	P107223394	-159.727	-158.508	-158.301
209	P107223394	-266.421	-275.959	-273.622
210	P107223394	-265.973	-277.065	-272.758
211	P107223398	-158.371	-161.596	-154.41
212	P107223398	-271.529	-285.372	-287.917
213	P107223398	-154.0	-157.503	-154.369
214	P107413871	-272.409	-296.076	-296.692
215	P107413871	-266.209	-291.362	-293.321
216	P107413871	-182.646	-182.135	-186.421
217	P107706437	-191.945	-201.951	-204.654
218	P107706437	-174.72	-185.541	-189.842
219	P107706437	-189.403	-191.697	-188.607
220	P107795502	-200.257	-210.794	-210.029
221	P107795502	-199.459	-210.416	-209.704
222	P107795502	-199.388	-210.459	-209.589
223	P107841303	-185.041	-189.425	-198.422
224	P107841303	-187.537	-190.672	-197.977
225	P107841303	-187.625	-191.202	-198.906
226	P107853054	-227.824	-244.151	-245.91
227	P107853054	-227.653	-244.381	-246.769
228	P107853054	-227.346	-244.258	-246.478
229	P107866678	-225.702	-232.364	-232.488
230	P107866678	-222.953	-228.014	-228.959
231	P107866678	-248.693	-268.844	-268.517
232	P107914163	-205.2	-200.455	-202.088
233	P107914163	-205.445	-200.692	-202.745
234	P107914163	-206.204	-201.864	-201.772
235	P107919640	-209.467	-216.359	-218.663
236	P107919640	-206.844	-215.97	-218.246
237	P107919640	-229.187	-241.248	-246.368
238	P107970135	-193.779	-199.35	-204.047
239	P107970135	-191.314	-196.714	-201.56
240	P107970135	-192.47	-198.379	-205.038
241	P107970260	-234.25	-232.948	-242.032
242	P107970260	-231.452	-229.674	-239.802
243	P107970260	-268.004	-279.661	-284.487
244	P107971029	-234.045	-240.869	-244.962
245	P107971029	-236.724	-242.92	-249.612
246	P107971029	-232.787	-238.11	-245.177
247	P107971162	-263.721	-278.317	-281.625
248	P107971162	-264.783	-280.086	-282.815
249	P107971162	-265.956	-281.683	-284.182
250	P108127470	-188.939	-204.296	-207.002
251	P108127470	-190.139	-205.695	-207.405
252	P108127470	-187.351	-201.302	-204.773
253	P108127522	-235.271	-256.266	-254.412
254	P108127522	-237.115	-258.032	-254.2
255	P108127522	-236.522	-256.752	-253.388
256	P108134459	-261.67	-277.858	-279.745
257	P108134459	-294.82	-325.065	-329.471
258	P108134459	-294.777	-328.313	-337.349
259	P108141367	-301.549	-322.915	-324.643
260	P108141367	-309.051	-326.792	-325.923
261	P108141367	-299.873	-317.789	-322.609
262	P108142038	-269.593	-291.777	-291.142
263	P108142038	-269.021	-290.645	-290.423
264	P108142038	-267.487	-290.313	-289.784
265	P108142039	-288.979	-316.818	-310.798
266	P108142039	-288.514	-316.148	-310.354
267	P108142039	-301.186	-321.891	-317.825
268	P108190539	-157.909	-166.547	-167.453
269	P108190539	-154.728	-154.186	-155.658
270	P108190539	-154.296	-155.19	-156.04
271	P108190642	-210.605	-215.616	-209.341
272	P108190642	-243.376	-260.866	-252.921
273	P108190642	-241.996	-260.14	-252.17
274	P108190648	-239.447	-244.55	-248.853
275	P108190648	-253.136	-259.653	-264.195
276	P108190648	-254.729	-263.106	-267.239
277	P108190681	-238.473	-243.162	-244.0
278	P108190681	-225.026	-226.723	-234.567
279	P108190681	-222.09	-222.611	-230.766
280	P108221056	-324.855	-337.075	-348.284
281	P108221056	-325.342	-340.36	-349.932
282	P108221056	-329.951	-343.95	-349.167
283	P108231347	-216.818	-232.092	-228.982
284	P108231347	-167.551	-171.557	-177.094
285	P108231347	-204.167	-207.852	-205.345
286	P108243673	-178.106	-185.157	-184.55
287	P108243673	-174.971	-180.153	-181.368
288	P108243673	-179.604	-188.417	-188.253
289	P108252769	-144.81	-150.857	-152.911
290	P108252769	-147.758	-153.504	-156.382
291	P108252769	-144.89	-150.845	-152.879
292	P108311216	-248.305	-252.427	-253.134
293	P108311216	-285.192	-291.246	-294.203
294	P108311216	-248.348	-251.246	-251.896
295	P108902473	-216.64	-218.208	-216.722
296	P108902473	-214.136	-220.58	-224.656
297	P108902473	-176.894	-182.067	-177.124
298	P108909512	-309.981	-327.054	-323.503
299	P108909512	-281.453	-284.752	-286.63
300	P108909512	-305.69	-324.27	-321.076
301	P108909526	-267.284	-274.497	-274.329
302	P108909526	-247.619	-253.903	-257.052
303	P108909526	-274.238	-287.853	-287.714
304	P108937154	-192.624	-201.605	-203.079
305	P108937154	-168.227	-168.717	-165.903
306	P108937154	-191.339	-200.189	-201.966
307	P108937526	-221.649	-222.824	-220.972
308	P108937526	-224.159	-223.701	-222.74
309	P108937526	-223.242	-223.812	-223.003
310	P108944433	-121.301	-121.318	-123.822
311	P108944433	-155.301	-161.012	-160.096
312	P108944433	-125.611	-129.637	-133.664
313	P108996920	-283.871	-301.369	-303.831
314	P108996920	-284.465	-300.133	-303.017
315	P108996920	-291.321	-314.826	-313.734
316	P109008932	-270.141	-272.166	-281.744
317	P109008932	-290.685	-306.736	-314.096
318	P109008932	-271.893	-277.729	-283.672
319	P109013041	-172.762	-181.779	-181.181
320	P109013041	-236.369	-239.038	-247.313
321	P109013041	-229.603	-232.074	-243.892
322	P109015587	-259.233	-265.468	-270.861
323	P109015587	-258.643	-262.995	-269.038
324	P109015587	-252.298	-252.438	-261.441
325	P109047699	-192.368	-198.75	-196.795
326	P109047699	-192.767	-199.354	-196.628
327	P109047699	-208.064	-207.131	-208.693
328	P109438385	-276.011	-291.082	-289.555
329	P109438385	-277.306	-287.745	-288.164
330	P109438385	-253.43	-266.5	-267.632
331	P109438629	-252.181	-258.015	-257.669
332	P109438629	-251.07	-257.351	-257.557
333	P109438629	-250.298	-257.188	-256.906
334	P109438688	-168.213	-166.403	-166.7
335	P109438688	-173.072	-181.379	-177.141
336	P109438688	-189.997	-194.379	-195.353
337	P110132829	-152.94	-155.905	-158.408
338	P110132829	-153.118	-155.82	-158.172
339	P110132829	-152.849	-156.137	-158.275
340	P110574908	-378.54	-406.632	-412.681
341	P110574908	-375.239	-403.356	-410.288
342	P110574908	-375.544	-406.142	-410.719
343	P110840273	-145.489	-146.313	-146.3
344	P110840273	-141.008	-143.831	-142.447
345	P110840273	-141.946	-145.365	-144.664
346	P111922037	-208.016	-209.753	-209.84
347	P111922037	-208.706	-209.546	-209.128
348	P111922037	-160.547	-160.855	-161.152
349	P112142002	-393.189	-413.418	-420.519
350	P112142002	-428.054	-446.431	-454.105
351	P112142002	-427.609	-448.407	-454.854
352	P112142028	-402.54	-427.127	-434.938
353	P112142028	-399.22	-421.21	-424.981
354	P112142028	-391.187	-425.526	-432.959
355	P112154856	-331.106	-335.252	-342.513
356	P112154856	-204.551	-203.313	-205.247
357	P112154856	-332.935	-337.918	-346.392
358	P112176413	-175.349	-177.989	-179.053
359	P112176413	-176.212	-179.247	-180.133
360	P112176413	-175.565	-178.034	-179.078
361	P112221885	-403.635	-428.54	-430.722
362	P112221885	-387.344	-411.962	-416.652
363	P112221885	-383.994	-402.263	-401.825
364	P112299114	-288.298	-293.225	-300.089
365	P112299114	-288.226	-294.22	-299.397
366	P112299114	-288.932	-293.378	-300.246
367	P112473017	-284.811	-302.901	-309.481
368	P112473017	-286.281	-302.236	-308.464
369	P112473017	-286.899	-304.498	-311.071
370	P114977737	-118.312	-123.709	-125.248
371	P114977737	-236.791	-251.529	-260.971
372	P114977737	-236.571	-250.874	-260.803
373	P114977741	-136.348	-133.339	-132.043
374	P114977741	-131.662	-129.638	-129.2
375	P114977741	-120.578	-120.244	-120.178
376	P116724644	-162.598	-164.666	-163.797
377	P116724644	-130.445	-137.72	-137.311
378	P116724644	-182.528	-187.396	-188.445
379	P117554789	-160.001	-167.1	-164.356
380	P117554789	-167.92	-171.824	-169.112
381	P117554789	-183.329	-180.907	-181.381
382	P117564743	-167.428	-175.0	-177.034
383	P117564743	-168.571	-175.695	-178.177
384	P117564743	-168.097	-174.358	-176.484
385	P117594404	-200.226	-195.456	-202.46
386	P117594404	-199.882	-196.652	-202.307
387	P117594404	-206.116	-206.367	-208.442
388	P117595008	-298.07	-319.631	-324.492
389	P117595008	-299.013	-320.237	-324.713
390	P117595008	-301.142	-321.98	-330.692
391	P117751975	-275.035	-277.024	-281.381
392	P117751975	-274.743	-276.709	-282.782
393	P117751975	-259.151	-262.579	-265.816
394	P118653057	-193.347	-202.226	-200.112
395	P118653057	-198.906	-207.584	-205.362
396	P118653057	-194.081	-205.695	-202.439
397	P119454707	-152.506	-163.146	-169.237
398	P119454707	-136.395	-134.342	-140.313
399	P119454707	-135.142	-134.223	-139.273
400	P120547666	-374.082	-393.986	-403.669
401	P120547666	-372.746	-394.059	-402.654
402	P120547666	-368.632	-395.718	-403.488
403	P124358634	-198.975	-197.961	-200.593
404	P124358634	-272.017	-270.923	-272.457
405	P124358634	-195.341	-194.911	-194.479
406	P124417530	-215.043	-228.415	-229.424
407	P124417530	-212.713	-225.758	-227.527
408	P124417530	-209.519	-223.059	-222.917
409	P126384958	-157.813	-158.222	-154.542
410	P126384958	-194.881	-192.978	-201.148
411	P126384958	-256.452	-264.022	-267.026
412	P126399883	-174.346	-178.577	-176.8
413	P126399883	-238.392	-238.422	-240.191
414	P126399883	-237.003	-237.58	-239.625
415	P126500770	-236.455	-243.434	-239.124
416	P126500770	-288.904	-303.864	-305.565
417	P126500770	-287.259	-300.59	-302.719
418	P126500777	-237.735	-239.167	-240.976
419	P126500777	-239.017	-238.791	-243.096
420	P126500777	-237.971	-238.534	-241.91
421	P126680353	-244.588	-241.61	-249.702
422	P126680353	-243.614	-240.905	-248.236
423	P126680353	-242.944	-240.54	-247.891
424	P12735609	-286.848	-308.481	-314.447
425	P12735609	-293.93	-314.167	-321.444
426	P12735609	-280.284	-295.539	-297.822
427	P127855170	-239.959	-250.683	-253.7
428	P127855170	-253.631	-271.364	-275.239
429	P127855170	-245.175	-255.416	-259.575
430	P128266901	-211.431	-219.863	-221.232
431	P128266901	-199.458	-206.428	-209.419
432	P128266901	-193.627	-200.59	-202.05
433	P128430944	-234.249	-246.464	-244.097
434	P128430944	-230.31	-245.629	-242.945
435	P128430944	-232.322	-246.307	-243.972
436	P128496413	-142.631	-146.778	-144.498
437	P128496413	-145.812	-145.499	-145.736
438	P128496413	-145.663	-145.185	-144.756
439	P128547138	-178.102	-177.904	-180.947
440	P128547138	-177.149	-176.928	-180.924
441	P128547138	-175.263	-174.419	-180.676
442	P128555644	-158.215	-164.067	-164.039
443	P128555644	-161.694	-166.709	-166.128
444	P128555644	-160.622	-166.822	-166.828
445	P128783819	-234.691	-245.476	-247.378
446	P128783819	-235.088	-243.276	-247.962
447	P128783819	-232.059	-236.61	-235.334
448	P128846979	-130.033	-130.377	-133.626
449	P128846979	-274.256	-290.236	-300.166
450	P128846979	-279.605	-296.252	-308.388
451	P128859230	-244.903	-254.899	-254.612
452	P128859230	-263.57	-273.315	-271.269
453	P128859230	-254.287	-260.424	-264.088
454	P128870855	-178.874	-173.683	-186.207
455	P128870855	-223.07	-228.095	-240.957
456	P128870855	-258.579	-274.703	-273.471
457	P128876461	-146.417	-147.699	-148.59
458	P128876461	-253.764	-263.503	-264.725
459	P128876461	-166.138	-173.59	-171.521
460	P128876481	-257.18	-260.954	-266.187
461	P128876481	-258.456	-259.391	-264.669
462	P128876481	-324.103	-340.433	-341.293
463	P128878061	-252.505	-262.971	-260.068
464	P128878061	-239.079	-244.282	-245.391
465	P128878061	-232.172	-242.405	-244.029
466	P128929374	-364.704	-382.669	-395.046
467	P128929374	-364.034	-381.444	-393.636
468	P128929374	-377.817	-408.638	-407.553
469	P128952513	-254.646	-264.703	-273.531
470	P128952513	-248.469	-255.302	-262.147
471	P128952513	-245.42	-254.08	-262.461
472	P128954866	-261.605	-284.66	-283.68
473	P128954866	-251.874	-274.378	-269.145
474	P128954866	-260.818	-282.381	-282.049
475	P129010431	-278.838	-283.753	-290.824
476	P129010431	-323.94	-340.644	-338.623
477	P129010431	-295.895	-303.24	-306.956
478	P129054942	-281.486	-294.708	-300.026
479	P129054942	-280.336	-292.443	-298.764
480	P129054942	-277.278	-287.784	-294.914
481	P129054945	-218.009	-211.271	-213.986
482	P129054945	-220.049	-219.077	-225.97
483	P129054945	-222.632	-225.201	-231.319
484	P129059042	-166.592	-164.728	-164.534
485	P129059042	-166.863	-167.014	-161.028
486	P129059042	-224.912	-235.344	-238.887
487	P129090573	-163.632	-172.765	-171.194
488	P129090573	-143.638	-150.023	-149.258
489	P129090573	-178.637	-187.852	-185.902
490	P129316739	-194.21	-202.915	-205.459
491	P129316739	-194.777	-201.234	-204.685
492	P129316739	-194.152	-200.698	-204.453
493	P129358273	-131.26	-142.319	-140.184
494	P129358273	-131.32	-143.359	-140.67
495	P129358273	-130.196	-141.062	-139.264
496	P129358720	-165.506	-165.46	-164.737
497	P129358720	-164.996	-162.155	-162.683
498	P129358720	-230.13	-226.247	-232.05
499	P129361813	-179.223	-193.391	-197.641
500	P129361813	-179.816	-190.253	-197.115
501	P129361813	-173.187	-175.602	-180.269
502	P129487559	-179.601	-181.973	-183.735
503	P129487559	-179.005	-181.617	-182.895
504	P129487559	-178.65	-181.794	-183.458
505	P129629386	-204.536	-214.916	-216.214
506	P129629386	-202.049	-210.228	-212.09
507	P129629386	-225.289	-230.51	-232.401
508	P129629388	-202.472	-211.383	-210.644
509	P129629388	-205.51	-213.84	-213.097
510	P129629388	-200.339	-207.343	-204.223
511	P129681789	-180.646	-193.342	-194.299
512	P129681789	-179.6	-193.166	-194.565
513	P129681789	-178.117	-191.831	-193.798
514	P129681815	-174.886	-183.799	-184.651
515	P129681815	-153.037	-159.43	-163.078
516	P129681815	-171.35	-180.722	-181.581
517	P129686358	-170.04	-171.587	-171.05
518	P129686358	-164.373	-168.376	-168.67
519	P129686358	-162.17	-165.428	-167.156
520	P129688943	-251.092	-255.532	-260.199
521	P129688943	-250.759	-255.088	-260.253
522	P129688943	-252.955	-257.534	-263.804
523	P129692597	-180.287	-180.645	-180.64
524	P129692597	-200.238	-201.51	-201.384
525	P129692597	-199.999	-203.171	-202.011
526	P129746241	-271.966	-278.599	-281.979
527	P129746241	-256.053	-257.204	-260.773
528	P129746241	-257.864	-257.06	-261.419
529	P129929621	-160.544	-150.95	-154.516
530	P129929621	-194.081	-194.687	-193.89
531	P129929621	-195.591	-195.979	-194.403
532	P129929622	-155.432	-149.01	-152.087
533	P129929622	-208.212	-212.223	-209.076
534	P129929622	-204.831	-211.866	-209.757
535	P129929721	-261.429	-264.132	-265.651
536	P129929721	-262.345	-264.031	-265.604
537	P129929721	-260.684	-265.336	-264.222
538	P129929962	-342.183	-355.187	-357.183
539	P129929962	-339.01	-352.897	-354.798
540	P129929962	-293.71	-303.413	-302.897
541	P129931351	-277.932	-299.248	-298.72
542	P129931351	-262.575	-280.843	-279.984
543	P129931351	-278.194	-300.654	-300.02
544	P129931357	-306.194	-327.133	-337.014
545	P129931357	-315.318	-332.348	-345.564
546	P129931357	-327.734	-360.316	-363.784
547	P129933576	-166.83	-161.525	-165.858
548	P129933576	-263.301	-269.627	-274.61
549	P129933576	-257.437	-270.74	-271.835
550	P129948141	-278.414	-291.427	-291.969
551	P129948141	-258.145	-266.211	-264.76
552	P129948141	-201.671	-199.914	-207.106
553	P129971863	-108.882	-117.364	-112.309
554	P129971863	-197.965	-199.432	-212.286
555	P129971863	-197.547	-198.842	-212.043
556	P129973817	-179.969	-183.254	-186.488
557	P129973817	-178.423	-182.599	-187.499
558	P129973817	-179.662	-182.872	-186.788
559	P129989658	-287.561	-315.179	-315.264
560	P129989658	-289.691	-316.989	-318.181
561	P129989658	-270.348	-285.326	-288.403
562	P130114933	-250.385	-252.532	-257.294
563	P130114933	-250.985	-252.793	-257.063
564	P130114933	-257.265	-269.296	-275.251
565	P130143864	-237.143	-241.042	-245.928
566	P130143864	-157.721	-161.275	-159.259
567	P130143864	-175.429	-178.681	-183.266
568	P130147805	-177.203	-184.903	-182.472
569	P130147805	-175.418	-186.575	-182.626
570	P130147805	-180.732	-187.316	-184.522
571	P130201827	-374.91	-402.112	-405.689
572	P130201827	-350.32	-367.045	-372.299
573	P130201827	-357.746	-372.102	-376.672
574	P130258174	-129.132	-133.435	-133.852
575	P130258174	-113.15	-116.838	-118.285
576	P130258174	-116.153	-117.134	-119.588
577	P130262368	-293.757	-313.766	-313.833
578	P130262368	-284.125	-299.171	-302.336
579	P130262368	-286.138	-301.287	-303.537
580	P130288732	-134.659	-133.827	-136.473
581	P130288732	-134.372	-136.11	-136.288
582	P130288732	-134.997	-134.988	-135.809
583	P130311087	-198.195	-205.021	-208.726
584	P130311087	-174.548	-177.129	-179.381
585	P130311087	-187.634	-190.9	-188.859
586	P130426553	-319.403	-324.875	-329.746
587	P130426553	-274.349	-294.879	-283.386
588	P130426553	-305.404	-307.974	-315.508
589	P130489909	-231.63	-238.431	-240.733
590	P130489909	-236.559	-244.745	-244.408
591	P130489909	-236.781	-245.334	-246.235
592	P130563842	-248.875	-252.915	-257.814
593	P130563842	-249.923	-252.438	-259.473
594	P130563842	-250.721	-255.105	-257.54
595	P130731651	-352.687	-372.887	-382.407
596	P130731651	-354.07	-374.522	-384.704
597	P130731651	-355.643	-372.832	-384.74
598	P130740652	-320.556	-340.129	-345.369
599	P130740652	-357.751	-377.016	-384.044
600	P130740652	-323.068	-338.04	-347.378
601	P130748312	-208.485	-211.395	-212.431
602	P130748312	-207.681	-211.648	-212.722
603	P130748312	-208.095	-212.032	-212.576
604	P130748316	-221.531	-233.511	-236.901
605	P130748316	-221.364	-235.13	-236.694
606	P130748316	-221.751	-234.595	-235.753
607	P130749885	-247.058	-251.087	-258.819
608	P130749885	-250.271	-253.68	-261.014
609	P130749885	-358.843	-374.626	-379.652
610	P130754870	-251.15	-258.441	-262.111
611	P130754870	-250.111	-259.04	-261.621
612	P130754870	-163.714	-158.356	-161.359
613	P130758127	-240.228	-247.774	-247.191
614	P130758127	-209.92	-214.513	-210.454
615	P130758127	-231.359	-231.671	-233.01
616	P130758194	-299.311	-311.491	-311.05
617	P130758194	-269.481	-284.819	-287.006
618	P130758194	-290.524	-303.192	-307.369
619	P130758254	-154.195	-157.608	-155.802
620	P130758254	-224.446	-233.157	-235.636
621	P130758254	-157.344	-157.681	-162.298
622	P130758628	-266.874	-266.894	-276.73
623	P130758628	-260.647	-258.497	-269.615
624	P130758628	-288.786	-300.609	-304.69
625	P130758918	-240.572	-242.835	-252.751
626	P130758918	-255.287	-259.812	-260.062
627	P130758918	-263.577	-278.661	-281.877
628	P130840497	-129.728	-138.174	-140.223
629	P130840497	-215.995	-240.855	-245.009
630	P130840497	-128.81	-136.044	-138.483
631	P130906004	-219.572	-225.677	-224.039
632	P130906004	-211.239	-212.262	-215.416
633	P130906004	-217.427	-209.215	-210.258
634	P130925310	-199.897	-214.257	-210.803
635	P130925310	-200.662	-212.952	-209.171
636	P130925310	-200.704	-213.994	-209.843
637	P131011953	-253.557	-265.166	-269.933
638	P131011953	-248.74	-261.146	-267.787
639	P131011953	-240.913	-247.936	-252.822
640	P131020869	-236.308	-239.291	-241.972
641	P131020869	-235.564	-243.502	-245.704
642	P131020869	-235.906	-242.78	-245.955
643	P131108494	-253.382	-265.408	-265.33
644	P131108494	-244.073	-258.936	-257.211
645	P131108494	-250.868	-257.56	-264.966
646	P131109156	-122.713	-121.745	-118.508
647	P131109156	-122.29	-121.206	-118.453
648	P131109156	-198.879	-215.047	-216.927
649	P131111830	-239.523	-238.14	-240.645
650	P131111830	-220.806	-220.254	-222.219
651	P131111830	-270.016	-271.694	-276.669
652	P131124068	-196.23	-196.385	-200.706
653	P131124068	-197.445	-198.013	-202.363
654	P131124068	-195.878	-194.658	-198.015
655	P131155109	-155.435	-167.905	-168.597
656	P131155109	-152.461	-162.985	-166.104
657	P131155109	-125.922	-130.513	-133.377
658	P131208083	-250.429	-257.039	-259.433
659	P131208083	-249.946	-255.259	-260.11
660	P131208083	-251.951	-257.401	-261.991
661	P131354042	-296.07	-306.829	-315.028
662	P131354042	-323.416	-344.748	-352.57
663	P131354042	-322.589	-335.849	-344.592
664	P131360193	-173.335	-173.847	-177.859
665	P131360193	-175.127	-176.011	-179.711
666	P131360193	-173.813	-174.09	-177.885
667	P131496113	-253.755	-265.947	-274.076
668	P131496113	-258.216	-268.338	-275.516
669	P131496113	-255.498	-267.344	-275.384
670	P131497749	-161.608	-163.131	-167.825
671	P131497749	-161.521	-168.849	-174.694
672	P131497749	-132.714	-131.089	-134.432
673	P131778621	-263.779	-274.155	-275.471
674	P131778621	-267.825	-276.595	-278.718
675	P131778621	-207.098	-220.27	-215.945
676	P131804439	-268.489	-303.548	-301.537
677	P131804439	-267.517	-302.394	-299.905
678	P131804439	-268.333	-302.684	-300.093
679	P131823249	-251.665	-264.812	-268.28
680	P131823249	-243.42	-255.373	-258.53
681	P131823249	-242.987	-255.458	-258.596
682	P131946608	-230.718	-236.36	-228.026
683	P131946608	-229.816	-234.242	-227.821
684	P131946608	-321.845	-342.482	-354.559
685	P131983570	-171.297	-168.613	-178.785
686	P131983570	-151.897	-149.129	-151.579
687	P131983570	-171.948	-169.016	-180.229
688	P132027675	-189.059	-192.689	-193.875
689	P132027675	-192.96	-195.454	-198.761
690	P132027675	-190.935	-193.757	-195.47
691	P132042547	-151.692	-150.857	-155.037
692	P132042547	-159.725	-164.053	-173.165
693	P132042547	-160.517	-163.65	-174.039
694	P132109487	-229.693	-248.38	-248.54
695	P132109487	-230.048	-248.578	-248.62
696	P132109487	-232.656	-248.48	-249.55
697	P132135959	-148.706	-164.451	-161.234
698	P132135959	-148.352	-161.684	-159.658
699	P132135959	-149.325	-164.837	-162.678
700	P132138236	-208.316	-224.181	-225.815
701	P132138236	-200.869	-213.934	-217.615
702	P132138236	-202.579	-215.144	-216.15
703	P132163045	-175.704	-187.912	-188.0
704	P132163045	-168.983	-178.037	-177.811
705	P132163045	-165.152	-175.757	-171.198
706	P132804236	-111.041	-117.29	-119.558
707	P132804236	-114.044	-118.837	-121.748
708	P132804236	-110.539	-117.298	-118.985
709	P132826014	-145.097	-146.339	-149.111
710	P132826014	-150.029	-151.264	-152.57
711	P132826014	-274.521	-299.216	-297.37
712	P132860840	-197.733	-189.889	-194.27
713	P132860840	-197.448	-188.496	-194.717
714	P132860840	-192.096	-185.016	-189.38
715	P133002826	-139.975	-142.904	-145.295
716	P133002826	-139.569	-143.264	-145.469
717	P133002826	-154.349	-157.358	-162.96
718	P133037024	-247.482	-255.975	-265.241
719	P133037024	-249.22	-260.02	-267.401
720	P133037024	-249.726	-258.814	-267.739
721	P133038340	-238.84	-244.236	-246.392
722	P133038340	-210.851	-217.335	-221.41
723	P133038340	-151.689	-146.74	-150.948
724	P133040840	-168.741	-175.206	-172.85
725	P133040840	-168.093	-173.896	-170.56
726	P133040840	-168.548	-174.549	-172.083
727	P133150228	-183.944	-182.912	-189.799
728	P133150228	-274.908	-285.504	-287.734
729	P133150228	-275.898	-286.66	-288.914
730	P133254749	-82.004	-86.936	-99.736
731	P133254749	-82.902	-87.491	-100.006
732	P133254749	-80.276	-85.872	-98.01
733	P133318823	-192.331	-199.989	-203.018
734	P133318823	-196.305	-202.012	-208.035
735	P133318823	-189.818	-198.203	-201.865
736	P133354581	-400.14	-417.661	-423.085
737	P133354581	-394.811	-416.022	-426.303
738	P133354581	-399.335	-415.672	-416.41
739	P133458860	-255.919	-266.509	-272.553
740	P133458860	-235.086	-243.235	-247.815
741	P133458860	-246.773	-253.516	-258.058
742	P133459265	-177.096	-187.618	-180.597
743	P133459265	-214.649	-223.923	-220.701
744	P133459265	-215.751	-224.323	-221.326
745	P133532325	-141.119	-139.743	-136.907
746	P133532325	-282.534	-313.276	-315.088
747	P133532325	-282.292	-312.253	-314.708
748	P133628255	-166.389	-169.267	-170.617
749	P133628255	-176.522	-179.723	-178.977
750	P133628255	-165.782	-169.264	-170.727
751	P133629558	-251.123	-266.065	-263.239
752	P133629558	-245.366	-261.219	-257.06
753	P133629558	-251.276	-266.408	-263.903
754	P133632959	-263.282	-279.421	-281.092
755	P133632959	-270.151	-286.15	-289.109
756	P133632959	-266.834	-282.171	-286.14
757	P133639103	-234.697	-246.068	-244.12
758	P133639103	-235.78	-246.005	-244.289
759	P133639103	-232.557	-244.702	-242.589
760	P133650431	-198.473	-203.548	-205.19
761	P133650431	-196.57	-202.168	-204.969
762	P133650431	-197.684	-205.688	-207.813
763	P133654346	-202.623	-211.232	-213.589
764	P133654346	-188.68	-192.459	-192.123
765	P133654346	-189.477	-198.279	-194.349
766	P133655145	-262.958	-262.534	-270.562
767	P133655145	-262.6	-263.051	-270.25
768	P133655145	-266.785	-270.259	-281.014
769	P133698321	-179.715	-184.034	-181.865
770	P133698321	-292.796	-298.427	-305.882
771	P133698321	-180.23	-185.095	-182.957
772	P133904385	-256.473	-262.788	-266.762
773	P133904385	-257.876	-264.101	-267.806
774	P133904385	-258.308	-263.738	-267.984
775	P134000812	-255.827	-258.719	-258.892
776	P134000812	-244.042	-236.219	-245.898
777	P134000812	-388.614	-396.482	-398.513
778	P134008389	-301.21	-312.86	-311.775
779	P134008389	-303.078	-312.692	-313.683
780	P134008389	-301.3	-309.907	-310.171
781	P134034690	-222.019	-231.198	-232.581
782	P134034690	-223.12	-232.477	-234.061
783	P134034690	-223.709	-233.61	-235.711
784	P134036746	-166.784	-168.23	-168.582
785	P134036746	-164.794	-168.561	-168.318
786	P134036746	-161.091	-167.1	-169.49
787	P134324831	-237.527	-257.124	-259.17
788	P134324831	-236.312	-256.57	-258.087
789	P134324831	-235.659	-255.179	-257.437
790	P134347742	-205.946	-223.162	-224.912
791	P134347742	-188.566	-193.546	-193.369
792	P134347742	-188.478	-193.572	-193.41
793	P134404040	-255.538	-269.595	-270.651
794	P134404040	-248.843	-255.6	-261.149
795	P134404040	-258.869	-268.504	-271.036
796	P134447743	-235.24	-238.335	-247.169
797	P134447743	-235.286	-238.556	-246.549
798	P134447743	-224.111	-217.6	-227.7
799	P134479433	-320.786	-327.008	-324.402
800	P134479433	-328.454	-337.92	-337.041
801	P134479433	-317.572	-320.718	-319.841
802	P134583625	-139.977	-148.82	-149.61
803	P134583625	-145.009	-154.428	-151.808
804	P134583625	-146.026	-155.76	-153.111
805	P134585342	-188.855	-188.488	-186.57
806	P134585342	-189.081	-189.789	-186.731
807	P134585342	-188.01	-188.815	-186.363
808	P134624207	-146.663	-160.756	-159.685
809	P134624207	-147.46	-161.404	-161.18
810	P134624207	-180.376	-180.065	-189.636
811	P134626647	-138.72	-153.117	-153.775
812	P134626647	-143.585	-156.203	-157.226
813	P134626647	-145.04	-159.723	-159.497
814	P134630541	-158.293	-164.464	-162.696
815	P134630541	-158.507	-156.394	-154.934
816	P134630541	-169.543	-166.01	-172.34
817	P134681594	-148.167	-150.163	-151.739
818	P134681594	-270.57	-283.013	-285.239
819	P134681594	-232.268	-239.82	-242.818
820	P134782082	-351.394	-374.453	-384.256
821	P134782082	-351.887	-372.211	-382.508
822	P134782082	-351.296	-374.142	-383.717
823	P134782596	-164.349	-172.474	-167.482
824	P134782596	-175.477	-178.618	-181.2
825	P134782596	-174.461	-177.16	-177.512
826	P134788083	-308.046	-321.535	-321.293
827	P134788083	-282.984	-289.641	-297.359
828	P134788083	-312.495	-330.398	-331.693
829	P134788115	-213.449	-212.946	-211.214
830	P134788115	-204.406	-207.73	-204.797
831	P134788115	-206.698	-209.823	-206.251
832	P134788120	-301.093	-308.873	-314.57
833	P134788120	-300.936	-312.619	-316.352
834	P134788120	-261.69	-265.769	-272.516
835	P134788150	-203.868	-201.469	-204.285
836	P134788150	-201.827	-199.645	-207.8
837	P134788150	-253.976	-260.738	-262.952
838	P134793200	-231.584	-239.492	-244.16
839	P134793200	-224.84	-227.516	-231.377
840	P134793200	-223.269	-226.088	-231.306
841	P134793215	-217.245	-223.411	-221.364
842	P134793215	-161.343	-159.264	-157.111
843	P134793215	-164.405	-164.912	-166.945
844	P134833253	-153.425	-155.192	-159.202
845	P134833253	-140.213	-142.674	-136.614
846	P134833253	-150.382	-153.654	-157.475
847	P134835625	-343.828	-372.335	-372.718
848	P134835625	-343.947	-374.441	-374.924
849	P134835625	-345.098	-373.865	-373.775
850	P134835631	-344.843	-379.585	-378.087
851	P134835631	-336.474	-367.444	-370.062
852	P134835631	-348.783	-382.84	-383.362
853	P134836619	-260.799	-273.851	-275.11
854	P134836619	-259.305	-269.314	-270.535
855	P134836619	-260.572	-274.823	-276.159
856	P134854610	-160.359	-167.932	-164.403
857	P134854610	-123.306	-124.849	-123.784
858	P134854610	-160.12	-161.542	-157.327
859	P135065909	-217.621	-218.108	-223.537
860	P135065909	-255.202	-268.846	-267.572
861	P135065909	-215.344	-216.12	-222.385
862	P135102263	-203.262	-207.778	-212.867
863	P135102263	-204.285	-209.206	-212.735
864	P135102263	-204.191	-209.152	-213.075
865	P135102334	-220.226	-228.901	-227.843
866	P135102334	-142.355	-143.922	-143.978
867	P135102334	-221.077	-230.297	-228.008
868	P135182980	-252.628	-255.104	-256.518
869	P135182980	-257.552	-257.613	-261.014
870	P135182980	-261.784	-260.922	-264.231
871	P135291106	-274.359	-286.784	-293.107
872	P135291106	-253.842	-260.779	-271.926
873	P135291106	-258.985	-260.308	-272.352
874	P135292894	-315.518	-321.142	-326.647
875	P135292894	-317.246	-323.936	-329.89
876	P135292894	-315.227	-322.111	-330.156
877	P135350215	-328.459	-345.562	-352.186
878	P135350215	-332.119	-347.773	-354.059
879	P135350215	-330.363	-345.459	-354.086
880	P135350428	-367.134	-388.501	-393.418
881	P135350428	-360.616	-380.678	-387.412
882	P135350428	-371.242	-392.012	-396.924
883	P135401153	-289.541	-285.685	-296.031
884	P135401153	-298.42	-308.285	-314.812
885	P135401153	-294.604	-312.92	-314.678
886	P135412741	-166.111	-176.518	-174.721
887	P135412741	-202.959	-222.914	-219.223
888	P135412741	-193.448	-203.196	-208.629
889	P135417456	-144.471	-147.828	-143.938
890	P135417456	-146.325	-152.071	-158.089
891	P135417456	-148.186	-152.008	-157.936
892	P135418353	-194.336	-202.256	-205.278
893	P135418353	-190.505	-201.107	-203.246
894	P135418353	-194.915	-203.009	-206.242
895	P135575584	-150.041	-147.951	-151.636
896	P135575584	-173.12	-175.345	-176.455
897	P135575584	-141.732	-144.182	-145.55
898	P135615954	-158.963	-157.731	-163.273
899	P135615954	-156.684	-155.732	-163.905
900	P135615954	-163.975	-163.129	-168.034
901	P135620438	-153.44	-147.23	-150.885
902	P135620438	-269.319	-278.47	-285.821
903	P135620438	-268.322	-278.698	-284.53
904	P135624717	-237.905	-253.656	-252.305
905	P135624717	-235.098	-250.746	-249.851
906	P135624717	-197.636	-199.161	-203.387
907	P135624827	-245.399	-268.691	-269.687
908	P135624827	-236.294	-258.498	-259.364
909	P135624827	-248.165	-271.045	-271.824
910	P135656881	-243.908	-240.513	-239.26
911	P135656881	-243.613	-239.951	-239.043
912	P135656881	-266.314	-254.826	-265.646
913	P135798918	-235.269	-251.966	-254.327
914	P135798918	-235.589	-251.885	-253.801
915	P135798918	-235.356	-252.701	-255.235
916	P135818490	-284.425	-296.209	-301.154
917	P135818490	-279.651	-285.904	-290.676
918	P135818490	-291.631	-301.952	-302.753
919	P135883937	-202.018	-212.16	-211.6
920	P135883937	-255.982	-259.102	-257.975
921	P135883937	-254.917	-260.386	-257.923
922	P135889484	-232.576	-236.017	-238.145
923	P135889484	-234.112	-241.462	-246.302
924	P135889484	-233.787	-237.963	-239.146
925	P135892071	-203.592	-200.271	-205.808
926	P135892071	-202.844	-199.196	-205.594
927	P135892071	-203.672	-199.943	-206.382
928	P135898225	-153.518	-156.723	-155.458
929	P135898225	-154.04	-158.5	-159.043
930	P135898225	-151.435	-154.196	-153.707
931	P135898226	-128.561	-126.286	-122.764
932	P135898226	-133.938	-132.813	-133.614
933	P135898226	-158.021	-160.971	-161.009
934	P135963168	-206.089	-223.134	-214.665
935	P135963168	-208.267	-224.317	-216.978
936	P135963168	-210.02	-216.443	-216.991
937	P135966022	-211.664	-211.463	-215.488
938	P135966022	-208.273	-203.631	-208.832
939	P135966022	-212.722	-211.896	-216.357
940	P135988518	-194.827	-198.981	-200.928
941	P135988518	-175.454	-182.802	-183.319
942	P135988518	-185.227	-192.885	-194.677
943	P135988647	-226.288	-247.191	-245.422
944	P135988647	-244.053	-269.867	-261.948
945	P135988647	-214.236	-221.507	-220.313
946	P136022669	-230.083	-242.447	-241.929
947	P136022669	-228.853	-243.729	-240.533
948	P136022669	-229.171	-242.534	-242.051
949	P136023713	-172.125	-168.043	-173.879
950	P136023713	-170.435	-167.728	-173.045
951	P136023713	-143.881	-143.12	-144.492
952	P136054583	-254.857	-259.279	-259.314
953	P136054583	-252.568	-256.812	-258.783
954	P136054583	-253.176	-254.599	-256.722
955	P136057066	-157.872	-162.899	-162.828
956	P136057066	-157.963	-160.626	-163.169
957	P136057066	-160.733	-163.44	-160.924
958	P136068065	-204.065	-211.256	-213.821
959	P136068065	-184.729	-186.541	-188.486
960	P136068065	-190.567	-198.091	-199.807
961	P136083338	-243.153	-248.396	-245.103
962	P136083338	-236.612	-247.623	-238.955
963	P136083338	-192.7	-196.247	-196.616
964	P136083380	-254.09	-258.386	-262.401
965	P136083380	-253.619	-258.379	-261.598
966	P136083380	-255.553	-259.111	-262.492
967	P136091755	-176.982	-187.723	-190.876
968	P136091755	-193.868	-198.418	-209.834
969	P136091755	-191.082	-198.268	-208.601
970	P136092577	-184.899	-192.923	-200.073
971	P136092577	-182.534	-188.163	-193.511
972	P136092577	-181.04	-187.314	-191.026
973	P136161320	-230.06	-238.042	-239.917
974	P136161320	-232.472	-238.877	-241.037
975	P136161320	-232.909	-239.055	-240.993
976	P136161661	-189.581	-193.803	-194.565
977	P136161661	-283.258	-294.058	-297.382
978	P136161661	-280.205	-291.899	-296.322
979	P136171938	-303.873	-316.245	-330.465
980	P136171938	-301.335	-317.095	-329.577
981	P136171938	-302.612	-315.982	-329.351
982	P136172070	-187.896	-184.731	-194.007
983	P136172070	-189.134	-185.737	-195.402
984	P136172070	-148.377	-155.647	-155.652
985	P136186867	-162.987	-159.895	-158.993
986	P136186867	-145.589	-145.883	-142.281
987	P136186867	-163.19	-159.966	-162.135
988	P136187016	-147.939	-152.751	-149.102
989	P136187016	-146.404	-151.58	-150.358
990	P136187016	-147.373	-153.208	-149.395
991	P136187216	-151.788	-154.406	-148.136
992	P136187216	-158.698	-157.254	-157.246
993	P136187216	-147.637	-151.857	-146.877
994	P136208361	-161.97	-164.926	-161.184
995	P136208361	-212.835	-218.442	-229.132
996	P136208361	-201.847	-207.762	-209.559
997	P136208417	-261.976	-271.43	-277.742
998	P136208417	-262.797	-272.151	-278.56
999	P136208417	-265.239	-274.609	-281.001
1000	P136208427	-287.125	-303.408	-306.917
1001	P136208427	-286.648	-302.983	-305.939
1002	P136208427	-286.008	-303.091	-306.421
1003	P136208555	-279.528	-289.596	-296.818
1004	P136208555	-280.917	-291.129	-297.708
1005	P136208555	-279.376	-290.347	-297.394
1006	P136209777	-191.137	-201.768	-207.819
1007	P136209777	-191.109	-196.919	-204.898
1008	P136209777	-191.303	-198.099	-210.367
1009	P136213490	-160.113	-160.22	-158.604
1010	P136213490	-172.085	-176.101	-169.46
1011	P136213490	-161.125	-163.724	-160.913
1012	P136234683	-257.546	-264.869	-266.838
1013	P136234683	-257.802	-266.219	-265.973
1014	P136234683	-254.47	-264.372	-264.566
1015	P136262073	-352.788	-366.465	-369.862
1016	P136262073	-354.214	-376.068	-382.926
1017	P136262073	-351.251	-373.432	-378.514
1018	P136542944	-247.482	-241.394	-242.266
1019	P136542944	-266.036	-284.698	-284.37
1020	P136542944	-251.243	-263.229	-253.895
1021	P136604819	-233.484	-231.845	-233.079
1022	P136604819	-227.626	-227.951	-228.02
1023	P136604819	-209.38	-219.513	-216.499
1024	P136629892	-240.113	-247.671	-252.323
1025	P136629892	-243.754	-252.706	-261.236
1026	P136629892	-194.568	-197.552	-203.503
1027	P136644224	-171.638	-173.318	-173.462
1028	P136644224	-287.013	-304.61	-309.521
1029	P136644224	-310.176	-325.324	-334.866
1030	P136697030	-323.862	-350.232	-357.818
1031	P136697030	-327.825	-354.13	-364.585
1032	P136697030	-324.287	-349.939	-356.672
1033	P136787928	-271.717	-296.003	-299.807
1034	P136787928	-267.25	-288.993	-292.973
1035	P136787928	-263.01	-287.758	-287.822
1036	P136896931	-287.63	-290.616	-292.712
1037	P136896931	-286.695	-290.845	-291.785
1038	P136896931	-282.39	-283.366	-282.186
1039	P136967782	-152.31	-166.912	-173.97
1040	P136967782	-151.314	-168.149	-176.08
1041	P136967782	-148.869	-165.564	-171.673
1042	P136997269	-184.069	-187.945	-189.765
1043	P136997269	-155.811	-158.54	-158.986
1044	P136997269	-158.252	-160.458	-160.668
1045	P137001643	-278.774	-303.326	-302.556
1046	P137001643	-278.063	-303.785	-302.076
1047	P137001643	-280.799	-304.742	-303.033
1048	P137032418	-137.055	-137.837	-134.419
1049	P137032418	-191.216	-192.165	-191.407
1050	P137032418	-191.71	-192.868	-191.206
1051	P137105776	-257.763	-277.578	-283.459
1052	P137105776	-254.873	-273.882	-279.128
1053	P137105776	-200.094	-209.382	-217.671
1054	P137105958	-207.655	-215.472	-218.922
1055	P137105958	-207.508	-215.83	-219.067
1056	P137105958	-163.836	-162.463	-168.158
1057	P137146074	-293.909	-309.277	-324.541
1058	P137146074	-280.807	-286.363	-303.536
1059	P137146074	-295.275	-309.691	-325.156
1060	P137288057	-252.19	-246.135	-252.497
1061	P137288057	-225.279	-229.305	-227.628
1062	P137288057	-209.02	-217.995	-214.016
1063	P137306248	-136.689	-132.737	-134.026
1064	P137306248	-136.994	-132.427	-133.843
1065	P137306248	-136.84	-132.852	-133.498
1066	P137677698	-185.113	-194.397	-194.149
1067	P137677698	-168.464	-170.872	-175.402
1068	P137677698	-180.692	-188.544	-188.592
1069	P137711893	-146.794	-146.718	-151.037
1070	P137711893	-138.179	-143.763	-145.788
1071	P137711893	-169.092	-177.686	-176.443
1072	P137844385	-289.802	-293.377	-298.354
1073	P137844385	-294.777	-312.096	-321.136
1074	P137844385	-288.949	-292.08	-299.046
1075	P137907875	-301.641	-318.004	-326.696
1076	P137907875	-299.472	-316.018	-324.878
1077	P137907875	-301.971	-317.118	-326.831
1078	P137915633	-270.296	-278.83	-275.958
1079	P137915633	-272.926	-289.435	-291.93
1080	P137915633	-279.632	-294.099	-294.821
1081	P138372129	-216.454	-213.013	-210.129
1082	P138372129	-373.279	-399.438	-406.492
1083	P138372129	-356.058	-375.049	-382.155
1084	P141663679	-125.429	-121.331	-127.849
1085	P141663679	-125.175	-121.937	-127.73
1086	P141663679	-124.184	-121.731	-127.206
1087	P141663682	-106.889	-107.652	-108.795
1088	P141663682	-103.228	-106.378	-104.989
1089	P141663682	-107.826	-109.739	-109.19
1090	P141664040	-261.617	-288.626	-288.781
1091	P141664040	-261.728	-288.853	-288.592
1092	P141664040	-261.549	-288.868	-288.311
1093	P141727410	-244.4	-264.952	-258.592
1094	P141727410	-271.294	-281.543	-290.283
1095	P141727410	-272.452	-280.539	-286.971
1096	P141866415	-300.703	-324.759	-325.602
1097	P141866415	-305.809	-328.717	-328.445
1098	P141866415	-301.462	-326.297	-323.797
1099	P143042266	-333.536	-350.579	-353.436
1100	P143042266	-250.522	-275.648	-275.281
1101	P143042266	-335.313	-352.17	-355.236
1102	P143042270	-275.754	-295.342	-300.507
1103	P143042270	-269.943	-287.663	-294.623
1104	P143042270	-276.169	-296.705	-299.867
1105	P143090405	-216.847	-240.244	-236.618
1106	P143090405	-218.031	-239.884	-235.62
1107	P143090405	-216.517	-240.712	-235.676
1108	P143325079	-237.733	-262.415	-269.549
1109	P143325079	-227.815	-245.829	-253.412
1110	P143325079	-228.635	-253.578	-259.214
1111	P144194627	-237.056	-250.888	-251.818
1112	P144194627	-240.065	-254.326	-254.163
1113	P144194627	-237.086	-253.525	-252.38
1114	P144366863	-195.473	-199.556	-196.563
1115	P144366863	-194.98	-199.662	-195.698
1116	P144366863	-193.799	-197.466	-195.372
1117	P148142296	-291.441	-298.369	-299.725
1118	P148142296	-229.929	-246.403	-245.098
1119	P148142296	-140.437	-143.277	-141.808
1120	P148902572	-93.57	-107.02	-113.102
1121	P148902572	-92.306	-107.07	-113.403
1122	P148902572	-91.279	-105.792	-111.781
1123	P149046956	-212.846	-221.548	-218.908
1124	P149046956	-180.259	-186.005	-186.398
1125	P149046956	-210.577	-219.375	-221.128
1126	P149071374	-116.43	-118.119	-117.72
1127	P149071374	-116.323	-117.635	-118.214
1128	P149071374	-115.491	-116.54	-116.017
1129	P149075242	-249.541	-257.553	-262.978
1130	P149075242	-276.057	-276.77	-288.034
1131	P149075242	-249.877	-258.29	-264.017
1132	P149075994	-410.549	-420.898	-426.612
1133	P149075994	-412.175	-419.98	-420.48
1134	P149075994	-411.373	-419.349	-422.937
1135	P149094758	-202.82	-214.656	-221.086
1136	P149094758	-198.949	-212.257	-215.76
1137	P149094758	-183.94	-188.972	-190.066
1138	P149967630	-255.929	-266.745	-272.903
1139	P149967630	-236.417	-241.528	-247.501
1140	P149967630	-255.435	-269.423	-273.896
1141	P150355415	-232.683	-232.176	-231.19
1142	P150355415	-240.242	-243.933	-243.564
1143	P150355415	-242.009	-246.246	-245.544
1144	P150372577	-102.496	-97.424	-99.538
1145	P150372577	-100.203	-104.726	-106.416
1146	P150372577	-95.96	-96.435	-95.698
1147	P150482063	-318.337	-338.742	-350.78
1148	P150482063	-311.405	-330.618	-338.625
1149	P150482063	-306.359	-331.726	-341.834
1150	P150534686	-365.204	-397.417	-401.608
1151	P150534686	-367.203	-397.794	-404.02
1152	P150534686	-364.766	-393.116	-399.532
1153	P150547596	-362.914	-390.939	-394.929
1154	P150547596	-361.502	-389.556	-393.383
1155	P150547596	-363.307	-391.735	-394.953
1156	P150643525	-304.63	-315.297	-322.08
1157	P150643525	-297.482	-310.176	-316.345
1158	P150643525	-299.313	-309.598	-316.826
1159	P150796604	-158.203	-178.574	-179.672
1160	P150796604	-229.391	-244.309	-247.464
1161	P150796604	-226.265	-244.389	-246.782
1162	P150930728	-489.655	-513.037	-515.156
1163	P150930728	-489.166	-511.525	-514.725
1164	P150930728	-489.782	-514.458	-515.383
1165	P151020908	-271.281	-271.3	-273.018
1166	P151020908	-270.754	-270.983	-272.465
1167	P151020908	-253.508	-264.284	-264.967
1168	P151021416	-315.346	-339.361	-337.921
1169	P151021416	-315.359	-340.241	-337.958
1170	P151021416	-315.972	-341.882	-340.522
1171	P151021840	-260.564	-255.612	-260.704
1172	P151021840	-260.199	-255.928	-260.742
1173	P151021840	-259.675	-255.686	-260.828
1174	P151021911	-404.969	-429.775	-428.214
1175	P151021911	-404.995	-429.529	-428.232
1176	P151021911	-406.861	-427.819	-429.809
1177	P151023465	-386.055	-397.182	-416.225
1178	P151023465	-374.648	-390.355	-406.883
1179	P151023465	-372.712	-387.438	-406.123
1180	P151023687	-273.984	-306.227	-310.13
1181	P151023687	-277.385	-306.4	-309.809
1182	P151023687	-277.096	-307.79	-312.031
1183	P151024381	-405.9	-429.566	-436.27
1184	P151024381	-407.706	-431.737	-436.61
1185	P151024381	-392.207	-425.089	-432.947
1186	P151025961	-225.845	-214.358	-214.721
1187	P151025961	-228.914	-221.885	-225.317
1188	P151025961	-225.181	-213.179	-216.452
1189	P151026246	-303.741	-303.665	-307.489
1190	P151026246	-306.423	-306.633	-308.298
1191	P151026246	-324.543	-337.373	-341.581
1192	P151026346	-214.169	-220.977	-216.924
1193	P151026346	-207.475	-213.681	-210.677
1194	P151026346	-211.687	-217.351	-213.812
1195	P151027465	-145.481	-146.584	-152.501
1196	P151027465	-150.975	-149.289	-154.682
1197	P151027465	-150.126	-149.621	-151.385
1198	P151031396	-193.872	-196.298	-197.654
1199	P151031396	-155.946	-160.817	-163.336
1200	P151031396	-194.19	-196.709	-196.864
1201	P151031491	-26.736	-32.284	-35.776
1202	P151031491	-30.363	-29.745	-33.726
1203	P151031491	-28.304	-31.136	-27.809
1204	P151032615	-181.161	-196.5	-196.506
1205	P151032615	-134.89	-144.851	-147.908
1206	P151032615	-178.831	-193.077	-194.27
1207	P151052698	-184.417	-184.722	-187.38
1208	P151052698	-186.675	-192.585	-193.21
1209	P151052698	-186.339	-193.476	-193.532
1210	P151229886	-177.166	-180.153	-184.666
1211	P151229886	-184.872	-192.352	-198.088
1212	P151229886	-192.041	-204.385	-201.69
1213	P151504820	-351.57	-365.535	-368.175
1214	P151504820	-338.921	-354.939	-361.674
1215	P151504820	-344.176	-361.567	-364.882
1216	P151505306	-265.73	-263.022	-267.292
1217	P151505306	-252.34	-247.486	-254.147
1218	P151505306	-262.731	-272.986	-268.105
1219	P151874930	-374.918	-384.303	-391.614
1220	P151874930	-270.537	-278.586	-278.155
1221	P151874930	-361.05	-364.4	-369.776
1222	P151920959	-278.448	-292.624	-298.209
1223	P151920959	-275.018	-284.621	-288.811
1224	P151920959	-269.425	-274.426	-277.57
1225	P151983291	-300.03	-330.439	-336.89
1226	P151983291	-300.031	-329.412	-335.267
1227	P151983291	-302.29	-330.82	-337.303
1228	P151984142	-269.463	-282.038	-284.973
1229	P151984142	-278.129	-284.794	-290.285
1230	P151984142	-281.183	-285.91	-291.014
1231	P151984326	-256.086	-256.223	-252.148
1232	P151984326	-238.784	-246.694	-250.697
1233	P151984326	-199.199	-192.867	-198.17
1234	P153206332	-104.166	-106.564	-104.811
1235	P153206332	-147.737	-153.827	-156.837
1236	P153206332	-148.452	-153.975	-158.052
1237	P153401169	-408.346	-430.396	-450.807
1238	P153401169	-408.027	-432.84	-451.589
1239	P153401169	-410.173	-432.442	-453.263
1240	P153714909	-269.815	-288.132	-295.44
1241	P153714909	-244.065	-259.491	-263.683
1242	P153714909	-201.344	-211.76	-221.187
1243	P155111819	-209.576	-226.89	-224.165
1244	P155111819	-251.66	-262.011	-260.105
1245	P155111819	-271.054	-296.445	-289.759
1246	P155382249	-264.896	-265.878	-272.048
1247	P155382249	-227.378	-231.938	-230.501
1248	P155382249	-262.912	-263.433	-270.982
1249	P155592378	-340.711	-343.807	-341.647
1250	P155592378	-337.866	-346.144	-343.629
1251	P155592378	-339.885	-343.895	-341.478
1252	P155702000	-304.021	-323.464	-330.189
1253	P155702000	-311.284	-334.996	-341.228
1254	P155702000	-311.355	-331.673	-337.085
1255	P155844239	-367.912	-385.557	-396.959
1256	P155844239	-351.968	-372.344	-377.345
1257	P155844239	-373.531	-391.192	-401.261
1258	P155913062	-171.136	-167.51	-177.296
1259	P155913062	-171.252	-165.965	-177.18
1260	P155913062	-172.268	-165.757	-177.017
1261	P155946106	-148.914	-153.67	-161.015
1262	P155946106	-150.007	-155.748	-161.63
1263	P155946106	-130.724	-129.281	-134.799
1264	P156180100	-254.824	-260.443	-266.657
1265	P156180100	-251.876	-255.874	-263.025
1266	P156180100	-253.394	-257.043	-264.872
1267	P156190131	-230.271	-243.929	-252.485
1268	P156190131	-268.702	-285.508	-299.066
1269	P156190131	-272.487	-289.442	-296.276
1270	P156197193	-327.535	-349.598	-354.241
1271	P156197193	-335.352	-351.934	-364.305
1272	P156197193	-335.306	-350.815	-365.062
1273	P156234510	-364.007	-391.967	-402.039
1274	P156234510	-364.987	-385.882	-393.178
1275	P156234510	-379.375	-403.214	-411.891
1276	P156240131	-217.538	-225.741	-225.745
1277	P156240131	-194.02	-197.931	-204.577
1278	P156240131	-271.342	-283.157	-285.297
1279	P156243857	-256.239	-270.226	-273.884
1280	P156243857	-255.356	-272.715	-277.532
1281	P156243857	-251.819	-265.353	-269.985
1282	P156305573	-373.594	-397.287	-402.238
1283	P156305573	-374.253	-396.696	-400.638
1284	P156305573	-375.277	-399.188	-402.663
1285	P156427883	-294.792	-310.895	-319.361
1286	P156427883	-307.515	-338.694	-342.745
1287	P156427883	-293.852	-312.359	-318.662
1288	P156448295	-266.287	-291.706	-298.327
1289	P156448295	-265.657	-290.194	-297.065
1290	P156448295	-269.294	-294.32	-300.926
1291	P20464336	-292.861	-295.686	-306.136
1292	P20464336	-302.823	-309.212	-322.329
1293	P20464336	-316.843	-328.659	-340.788
1294	P20508652	-302.297	-315.251	-321.246
1295	P20508652	-212.008	-208.976	-222.041
1296	P20508652	-302.676	-316.004	-321.41
1297	P20551072	-245.519	-258.52	-267.466
1298	P20551072	-247.014	-257.362	-268.615
1299	P20551072	-241.808	-256.897	-261.278
1300	P20654880	-296.324	-305.614	-311.454
1301	P20654880	-332.294	-351.477	-353.969
1302	P20654880	-316.753	-342.007	-345.198
1303	P20679071	-178.198	-177.766	-187.965
1304	P20679071	-281.28	-300.164	-302.718
1305	P20679071	-285.217	-299.902	-307.71
1306	P20773480	-127.253	-133.233	-130.498
1307	P20773480	-125.598	-131.545	-128.057
1308	P20773480	-126.918	-133.262	-129.965
1309	P20855006	-288.834	-297.311	-298.407
1310	P20855006	-276.696	-280.442	-282.046
1311	P20855006	-270.667	-278.575	-276.229
1312	P20867514	-113.147	-112.245	-113.371
1313	P20867514	-120.867	-122.273	-123.468
1314	P20867514	-119.772	-120.542	-122.106
1315	P20907931	-430.722	-448.672	-446.888
1316	P20907931	-433.91	-447.057	-453.12
1317	P20907931	-436.03	-447.351	-453.226
1318	P22290088	-225.934	-227.882	-229.829
1319	P22290088	-208.533	-198.327	-205.819
1320	P22290088	-371.096	-381.578	-388.761
1321	P22653079	-220.143	-225.77	-229.71
1322	P22653079	-213.025	-220.561	-226.056
1323	P22653079	-220.454	-221.478	-223.423
1324	P23840644	-123.234	-119.668	-120.835
1325	P23840644	-121.68	-120.317	-120.58
1326	P23840644	-121.924	-119.861	-121.132
1327	P23845511	-253.252	-271.009	-275.029
1328	P23845511	-254.085	-271.315	-275.508
1329	P23845511	-253.793	-269.509	-272.976
1330	P23866174	-353.539	-377.557	-382.732
1331	P23866174	-352.919	-378.205	-383.158
1332	P23866174	-352.658	-374.105	-380.085
1333	P23869188	-146.656	-153.695	-153.698
1334	P23869188	-149.269	-150.975	-153.908
1335	P23869188	-147.471	-153.541	-153.895
1336	P23870031	-273.927	-291.834	-295.979
1337	P23870031	-283.65	-303.144	-308.376
1338	P23870031	-247.574	-261.074	-267.747
1339	P23889311	-314.853	-340.581	-352.078
1340	P23889311	-316.105	-341.892	-352.027
1341	P23889311	-315.084	-341.48	-353.055
1342	P23904332	-153.926	-160.346	-155.54
1343	P23904332	-159.954	-158.209	-154.334
1344	P23904332	-142.25	-151.534	-148.559
1345	P23976955	-224.561	-243.379	-241.207
1346	P23976955	-225.54	-242.518	-240.224
1347	P23976955	-219.456	-241.891	-238.061
1348	P24007805	-265.59	-278.458	-286.641
1349	P24007805	-267.083	-279.741	-288.045
1350	P24007805	-264.757	-278.773	-286.984
1351	P24017263	-246.31	-256.789	-259.764
1352	P24017263	-247.65	-256.121	-259.314
1353	P24017263	-247.514	-257.283	-259.631
1354	P24021319	-192.164	-202.47	-200.933
1355	P24021319	-233.674	-258.077	-255.976
1356	P24021319	-116.774	-118.126	-118.616
1357	P24135333	-343.878	-352.139	-353.984
1358	P24135333	-347.434	-362.494	-365.521
1359	P24135333	-344.065	-352.327	-353.792
1360	P24154711	-185.843	-178.87	-188.997
1361	P24154711	-189.973	-198.004	-201.102
1362	P24154711	-183.779	-193.974	-199.131
1363	P24165401	-189.243	-193.047	-189.851
1364	P24165401	-196.924	-199.336	-200.382
1365	P24165401	-198.323	-205.959	-202.04
1366	P24191879	-173.105	-184.551	-181.557
1367	P24191879	-160.9	-170.053	-166.166
1368	P24191879	-141.128	-142.849	-142.451
1369	P24223614	-277.429	-291.065	-297.631
1370	P24223614	-270.856	-279.326	-286.813
1371	P24223614	-275.569	-289.797	-295.385
1372	P24227509	-319.061	-342.04	-346.696
1373	P24227509	-322.821	-346.346	-349.037
1374	P24227509	-319.555	-343.137	-347.198
1375	P24243204	-201.444	-210.29	-213.844
1376	P24243204	-194.346	-197.01	-201.193
1377	P24243204	-194.188	-195.05	-199.307
1378	P24249326	-224.292	-226.775	-234.435
1379	P24249326	-223.795	-225.133	-234.686
1380	P24249326	-224.516	-226.709	-237.026
1381	P24257463	-211.135	-218.555	-224.218
1382	P24257463	-223.697	-234.317	-238.582
1383	P24257463	-225.499	-234.433	-239.367
1384	P24311788	-343.005	-366.617	-364.601
1385	P24311788	-296.625	-313.787	-315.115
1386	P24311788	-341.001	-363.137	-368.187
1387	P24318520	-199.741	-210.337	-210.24
1388	P24318520	-203.197	-214.985	-214.123
1389	P24318520	-233.705	-254.248	-254.328
1390	P24436238	-509.169	-517.141	-532.304
1391	P24436238	-502.985	-520.662	-531.891
1392	P24436238	-518.31	-528.256	-540.591
1393	P24909273	-253.589	-274.437	-276.304
1394	P24909273	-252.459	-272.519	-274.522
1395	P24909273	-253.615	-267.862	-268.272
1396	P25191494	-187.162	-188.615	-193.166
1397	P25191494	-186.818	-189.55	-190.997
1398	P25191494	-189.994	-190.615	-194.384
1399	P28303340	-424.248	-448.585	-465.64
1400	P28303340	-472.084	-503.918	-508.547
1401	P28303340	-472.371	-504.81	-510.363
1402	P28530444	-160.906	-166.697	-159.627
1403	P28530444	-299.511	-312.798	-323.402
1404	P28530444	-300.469	-311.948	-322.31
1405	P28667818	-278.694	-288.851	-296.913
1406	P28667818	-282.512	-293.069	-298.608
1407	P28667818	-279.076	-292.284	-297.151
1408	P28673989	-227.055	-230.049	-235.919
1409	P28673989	-249.328	-253.314	-253.16
1410	P28673989	-247.581	-252.827	-252.603
1411	P28758509	-138.672	-140.22	-140.408
1412	P28758509	-151.351	-154.984	-153.325
1413	P28758509	-150.842	-153.263	-152.329
1414	P28828703	-213.824	-215.361	-213.94
1415	P28828703	-216.867	-217.207	-214.06
1416	P28828703	-216.552	-215.544	-215.912
1417	P28873499	-364.542	-392.387	-392.866
1418	P28873499	-359.623	-387.906	-386.88
1419	P28873499	-359.154	-388.552	-386.269
1420	P28884668	-163.0	-163.335	-164.132
1421	P28884668	-191.56	-202.568	-203.785
1422	P28884668	-191.097	-202.556	-203.325
1423	P29263681	-334.39	-352.286	-352.5
1424	P29263681	-315.96	-321.463	-325.63
1425	P29263681	-303.644	-315.056	-319.425
1426	P29263682	-377.969	-406.161	-409.998
1427	P29263682	-242.099	-246.905	-242.016
1428	P29263682	-324.452	-340.975	-346.812
1429	P29263729	-400.921	-428.676	-438.391
1430	P29263729	-406.927	-431.364	-440.846
1431	P29263729	-399.391	-425.263	-439.053
1432	P29342673	-377.467	-419.273	-427.296
1433	P29342673	-394.405	-434.91	-439.966
1434	P29342673	-398.241	-437.625	-442.215
1435	P29404668	-224.37	-232.247	-227.191
1436	P29404668	-264.036	-283.417	-290.123
1437	P29404668	-265.246	-283.138	-289.398
1438	P30263566	-168.267	-168.936	-171.57
1439	P30263566	-168.704	-169.449	-170.594
1440	P30263566	-145.311	-148.118	-146.729
1441	P30480845	-310.253	-319.305	-323.69
1442	P30480845	-314.267	-319.129	-321.917
1443	P30480845	-309.763	-317.234	-318.196
1444	P30480852	-276.617	-283.48	-292.549
1445	P30480852	-281.174	-286.823	-293.424
1446	P30480852	-293.977	-303.878	-312.707
1447	P30507017	-277.561	-294.788	-297.368
1448	P30507017	-278.202	-294.397	-295.898
1449	P30507017	-283.278	-303.461	-302.582
1450	P32700002	-453.397	-490.708	-492.422
1451	P32700002	-432.422	-446.095	-452.776
1452	P32700002	-467.897	-485.054	-493.004
1453	P32764358	-149.772	-155.098	-156.154
1454	P32764358	-149.54	-154.841	-155.237
1455	P32764358	-149.807	-153.487	-155.451
1456	P32818282	-417.922	-434.601	-449.369
1457	P32818282	-415.906	-423.85	-442.195
1458	P32818282	-427.094	-436.582	-452.928
1459	P32818286	-403.957	-407.242	-423.159
1460	P32818286	-410.49	-426.253	-425.223
1461	P32818286	-406.868	-409.693	-425.827
1462	P32825170	-343.168	-355.825	-358.873
1463	P32825170	-330.22	-348.727	-352.632
1464	P32825170	-334.563	-352.961	-355.671
1465	P32829637	-340.06	-354.955	-351.31
1466	P32829637	-339.895	-356.659	-350.579
1467	P32829637	-363.979	-372.71	-374.999
1468	P33018597	-265.962	-276.685	-283.817
1469	P33018597	-267.613	-275.805	-284.535
1470	P33018597	-268.472	-277.689	-285.275
1471	P33491762	-200.065	-202.292	-205.009
1472	P33491762	-201.866	-201.497	-203.868
1473	P33491762	-202.413	-202.031	-203.52
1474	P35877913	-239.516	-241.609	-248.808
1475	P35877913	-238.673	-238.409	-247.168
1476	P35877913	-239.332	-240.204	-249.192
1477	P39634835	-378.22	-385.312	-398.583
1478	P39634835	-304.71	-317.758	-318.977
1479	P39634835	-377.667	-406.742	-406.171
1480	P39640770	-204.388	-207.261	-213.633
1481	P39640770	-203.353	-207.058	-212.912
1482	P39640770	-206.453	-209.117	-215.866
1483	P39640809	-216.283	-213.015	-226.247
1484	P39640809	-216.869	-213.718	-227.702
1485	P39640809	-216.536	-214.014	-228.117
1486	P39653415	-284.813	-312.609	-313.737
1487	P39653415	-263.211	-281.901	-287.411
1488	P39653415	-260.599	-280.317	-286.709
1489	P39653446	-131.342	-141.288	-142.348
1490	P39653446	-126.688	-140.44	-144.948
1491	P39653446	-124.335	-137.791	-141.675
1492	P40307981	-284.911	-300.396	-297.83
1493	P40307981	-290.623	-309.42	-303.457
1494	P40307981	-285.359	-300.291	-297.789
1495	P41608181	-311.923	-321.638	-322.123
1496	P41608181	-339.338	-352.615	-356.999
1497	P41608181	-358.107	-378.602	-381.267
1498	P46161706	-262.24	-265.737	-270.966
1499	P46161706	-261.817	-265.913	-270.62
1500	P46161706	-261.208	-265.031	-269.732
1501	P46448353	-447.611	-461.299	-473.835
1502	P46448353	-447.719	-464.627	-477.901
1503	P46448353	-447.653	-463.38	-477.022
1504	P46654827	-224.188	-233.784	-231.728
1505	P46654827	-205.716	-211.891	-213.057
1506	P46654827	-225.712	-228.199	-230.63
1507	P46659244	-163.933	-169.243	-168.046
1508	P46659244	-157.795	-162.234	-161.258
1509	P46659244	-158.291	-164.205	-161.695
1510	P47513686	-202.337	-207.54	-208.285
1511	P47513686	-208.288	-207.61	-208.025
1512	P47513686	-328.356	-342.974	-355.073
1513	P47766091	-217.218	-224.274	-227.468
1514	P47766091	-217.246	-229.157	-234.489
1515	P47766091	-223.579	-228.261	-232.173
1516	P48090123	-200.41	-205.262	-203.075
1517	P48090123	-233.085	-241.42	-241.127
1518	P48090123	-210.131	-214.396	-219.164
1519	P49488946	-287.834	-306.134	-309.341
1520	P49488946	-288.741	-305.642	-309.242
1521	P49488946	-287.054	-306.761	-307.212
1522	P49788735	-341.858	-363.284	-369.287
1523	P49788735	-341.11	-361.582	-368.766
1524	P49788735	-342.142	-362.752	-369.649
1525	P49789127	-150.765	-155.547	-156.371
1526	P49789127	-152.515	-157.988	-158.185
1527	P49789127	-150.456	-155.597	-155.505
1528	P49790915	-194.765	-209.419	-212.044
1529	P49790915	-195.094	-209.89	-211.508
1530	P49790915	-195.821	-209.917	-211.933
1531	P49834123	-266.029	-276.921	-280.827
1532	P49834123	-267.19	-277.843	-284.38
1533	P49834123	-267.285	-279.179	-284.134
1534	P49834129	-254.779	-257.413	-264.695
1535	P49834129	-253.576	-256.694	-263.968
1536	P49834129	-254.431	-256.906	-265.164
1537	P50013251	-444.809	-448.204	-459.69
1538	P50013251	-446.194	-449.952	-463.672
1539	P50013251	-443.351	-445.55	-455.764
1540	P50157344	-230.585	-239.626	-248.677
1541	P50157344	-229.655	-238.241	-246.519
1542	P50157344	-230.779	-239.815	-248.854
1543	P51325017	-160.573	-155.409	-159.021
1544	P51325017	-168.268	-161.989	-165.164
1545	P51325017	-165.618	-160.342	-168.844
1546	P51370140	-270.864	-290.91	-298.793
1547	P51370140	-271.126	-290.795	-298.773
1548	P51370140	-269.1	-290.042	-297.762
1549	P51537074	-168.401	-171.031	-173.867
1550	P51537074	-195.866	-197.829	-199.745
1551	P51537074	-194.386	-193.22	-195.431
1552	P51916445	-241.58	-248.269	-250.117
1553	P51916445	-240.981	-247.796	-249.716
1554	P51916445	-241.108	-247.11	-248.92
1555	P52296699	-298.401	-316.253	-322.917
1556	P52296699	-298.575	-316.61	-323.695
1557	P52296699	-299.556	-318.347	-324.843
1558	P52893159	-231.928	-228.712	-239.008
1559	P52893159	-238.783	-253.95	-258.834
1560	P52893159	-219.898	-211.693	-222.23
1561	P53099526	-199.662	-203.793	-204.368
1562	P53099526	-195.585	-196.902	-201.108
1563	P53099526	-219.715	-224.369	-224.742
1564	P53118004	-273.32	-275.65	-286.409
1565	P53118004	-273.493	-276.891	-285.229
1566	P53118004	-274.016	-278.461	-285.518
1567	P53126416	-269.38	-279.524	-281.102
1568	P53126416	-272.776	-279.281	-279.798
1569	P53126416	-296.242	-304.021	-313.794
1570	P53393091	-154.183	-161.697	-160.795
1571	P53393091	-153.261	-159.256	-158.423
1572	P53393091	-148.931	-155.79	-155.928
1573	P53405552	-201.627	-209.421	-207.809
1574	P53405552	-200.328	-209.144	-208.997
1575	P53405552	-194.221	-197.957	-196.995
1576	P53838947	-147.762	-163.01	-165.509
1577	P53838947	-147.63	-163.397	-166.511
1578	P53838947	-134.622	-148.663	-151.937
1579	P53844184	-106.916	-123.0	-124.209
1580	P53844184	-107.152	-122.28	-123.258
1581	P53844184	-106.158	-122.6	-124.903
1582	P53890849	-122.013	-133.939	-126.831
1583	P53890849	-143.288	-157.201	-153.243
1584	P53890849	-151.838	-167.314	-168.035
1585	P53924202	-229.053	-236.016	-232.598
1586	P53924202	-211.102	-218.094	-216.195
1587	P53924202	-231.018	-240.352	-241.573
1588	P53982384	-219.476	-229.696	-231.96
1589	P53982384	-184.953	-184.331	-187.662
1590	P53982384	-258.043	-271.213	-271.252
1591	P54000040	-145.763	-156.158	-151.155
1592	P54000040	-145.766	-155.78	-150.818
1593	P54000040	-146.595	-156.095	-152.65
1594	P54076651	-333.806	-350.633	-354.655
1595	P54076651	-356.39	-377.339	-384.835
1596	P54076651	-331.823	-349.174	-354.041
1597	P54738861	-288.675	-303.73	-309.686
1598	P54738861	-284.694	-300.586	-306.393
1599	P54738861	-287.335	-303.529	-310.364
1600	P54772719	-342.904	-360.022	-379.106
1601	P54772719	-307.872	-338.291	-347.554
1602	P54772719	-310.67	-338.25	-349.479
1603	P54927180	-281.1	-290.087	-297.931
1604	P54927180	-285.595	-292.35	-302.74
1605	P54927180	-285.072	-295.488	-301.842
1606	P54927272	-234.295	-242.542	-240.441
1607	P54927272	-232.9	-239.605	-239.45
1608	P54927272	-286.971	-295.12	-300.4
1609	P54927279	-322.522	-348.396	-344.503
1610	P54927279	-306.875	-333.085	-329.722
1611	P54927279	-315.352	-345.574	-339.092
1612	P54927291	-273.778	-292.678	-297.3
1613	P54927291	-273.835	-293.238	-297.416
1614	P54927291	-275.02	-293.467	-297.154
1615	P54946827	-288.43	-303.876	-312.439
1616	P54946827	-290.268	-305.605	-314.355
1617	P54946827	-291.854	-305.529	-314.416
1618	P54993744	-196.937	-205.816	-209.764
1619	P54993744	-194.814	-202.177	-205.494
1620	P54993744	-192.317	-201.501	-199.967
1621	P55124085	-214.424	-217.915	-224.984
1622	P55124085	-207.302	-199.001	-209.914
1623	P55124085	-240.357	-246.175	-255.634
1624	P55128515	-295.151	-301.468	-314.98
1625	P55128515	-283.075	-301.37	-310.813
1626	P55128515	-294.078	-302.211	-316.47
1627	P55379972	-246.048	-251.731	-255.227
1628	P55379972	-245.69	-251.147	-255.087
1629	P55379972	-247.364	-251.692	-257.175
1630	P55400778	-176.424	-185.828	-186.995
1631	P55400778	-176.032	-185.786	-188.715
1632	P55400778	-177.459	-191.004	-192.831
1633	P55632298	-318.115	-322.359	-328.942
1634	P55632298	-316.181	-319.598	-326.997
1635	P55632298	-339.109	-351.16	-349.026
1636	P55709683	-240.429	-260.135	-265.923
1637	P55709683	-242.43	-262.962	-268.975
1638	P55709683	-238.904	-259.716	-264.132
1639	P55709792	-241.417	-258.896	-267.21
1640	P55709792	-238.915	-258.295	-266.328
1641	P55709792	-241.011	-259.906	-264.856
1642	P55745354	-225.572	-233.796	-235.084
1643	P55745354	-228.019	-225.755	-232.412
1644	P55745354	-244.654	-250.74	-248.765
1645	P56156967	-278.565	-294.257	-296.531
1646	P56156967	-273.674	-293.777	-295.395
1647	P56156967	-263.395	-279.402	-285.298
1648	P56156970	-273.946	-292.405	-295.328
1649	P56156970	-276.775	-295.408	-298.133
1650	P56156970	-255.877	-279.751	-283.255
1651	P56326608	-306.169	-321.529	-330.02
1652	P56326608	-297.586	-308.596	-320.521
1653	P56326608	-306.726	-322.23	-330.434
1654	P56329152	-177.463	-181.274	-181.609
1655	P56329152	-167.085	-178.052	-172.624
1656	P56329152	-202.59	-202.006	-207.033
1657	P56454149	-232.341	-239.27	-241.861
1658	P56454149	-230.632	-230.777	-234.939
1659	P56454149	-242.199	-251.705	-253.453
1660	P56550642	-272.203	-279.088	-290.126
1661	P56550642	-260.018	-272.976	-274.953
1662	P56550642	-259.69	-272.693	-274.026
1663	P56622682	-193.352	-197.63	-202.805
1664	P56622682	-195.934	-198.674	-203.483
1665	P56622682	-192.696	-196.565	-202.453
1666	P56766498	-205.929	-206.521	-208.782
1667	P56766498	-174.728	-177.233	-182.131
1668	P56766498	-212.068	-219.039	-219.808
1669	P56793126	-222.928	-238.077	-242.434
1670	P56793126	-221.358	-239.539	-243.851
1671	P56793126	-115.899	-113.122	-112.765
1672	P56795433	-424.684	-441.787	-439.893
1673	P56795433	-412.863	-422.051	-419.643
1674	P56795433	-432.328	-453.124	-451.03
1675	P57081962	-337.876	-349.048	-343.975
1676	P57081962	-344.729	-360.625	-351.151
1677	P57081962	-339.675	-351.626	-346.936
1678	P57081978	-297.846	-307.706	-309.412
1679	P57081978	-289.981	-296.945	-301.937
1680	P57081978	-260.016	-265.075	-275.134
1681	P57327338	-311.366	-323.206	-330.573
1682	P57327338	-309.57	-319.432	-323.41
1683	P57327338	-311.356	-327.041	-334.212
1684	P57668922	-125.794	-127.296	-128.679
1685	P57668922	-183.549	-192.458	-196.588
1686	P57668922	-125.71	-127.131	-128.737
1687	P57871578	-254.457	-258.269	-261.167
1688	P57871578	-250.432	-256.99	-260.121
1689	P57871578	-250.322	-253.297	-257.133
1690	P58320168	-260.007	-262.601	-264.922
1691	P58320168	-259.825	-262.184	-265.053
1692	P58320168	-256.56	-258.58	-261.929
1693	P58782109	-253.81	-276.206	-282.812
1694	P58782109	-263.552	-287.996	-293.314
1695	P58782109	-263.659	-287.962	-293.457
1696	P59149420	-320.763	-336.04	-335.215
1697	P59149420	-313.142	-328.117	-327.621
1698	P59149420	-323.659	-345.454	-341.689
1699	P59170836	-201.661	-217.92	-221.426
1700	P59170836	-205.362	-221.087	-223.495
1701	P59170836	-195.316	-212.256	-218.073
1702	P59173151	-219.579	-231.428	-231.197
1703	P59173151	-217.41	-226.017	-227.104
1704	P59173151	-211.595	-226.775	-233.276
1705	P59176570	-150.009	-148.824	-152.268
1706	P59176570	-151.584	-150.136	-152.713
1707	P59176570	-151.442	-150.602	-155.732
1708	P59176992	-218.158	-223.459	-220.819
1709	P59176992	-185.903	-192.771	-191.607
1710	P59176992	-211.437	-211.971	-212.413
1711	P59177454	-384.999	-400.134	-401.113
1712	P59177454	-372.363	-392.28	-391.857
1713	P59177454	-361.686	-386.574	-389.674
1714	P59177909	-197.774	-193.121	-203.75
1715	P59177909	-201.558	-196.124	-206.604
1716	P59177909	-234.169	-229.061	-230.027
1717	P59178854	-198.941	-192.911	-197.088
1718	P59178854	-208.603	-209.927	-204.075
1719	P59178854	-201.403	-203.158	-199.83
1720	P59184364	-194.71	-213.09	-223.689
1721	P59184364	-203.282	-220.205	-229.804
1722	P59184364	-180.043	-179.616	-190.777
1723	P59184753	-198.43	-207.529	-208.284
1724	P59184753	-197.87	-206.199	-207.825
1725	P59184753	-199.413	-208.596	-208.715
1726	P59184931	-235.037	-245.973	-245.075
1727	P59184931	-234.902	-248.287	-247.114
1728	P59184931	-236.023	-246.99	-246.096
1729	P59185941	-293.756	-310.585	-317.009
1730	P59185941	-292.828	-297.116	-302.154
1731	P59185941	-278.628	-281.773	-294.145
1732	P59186983	-189.004	-185.645	-183.482
1733	P59186983	-188.526	-185.038	-181.51
1734	P59186983	-188.489	-187.559	-185.01
1735	P59187117	-155.32	-150.982	-150.538
1736	P59187117	-144.334	-156.42	-151.072
1737	P59187117	-143.052	-155.666	-150.515
1738	P59189209	-252.988	-266.843	-271.592
1739	P59189209	-253.17	-266.775	-271.088
1740	P59189209	-139.489	-135.901	-131.721
1741	P59189246	-196.61	-196.104	-199.739
1742	P59189246	-197.079	-196.695	-200.04
1743	P59189246	-154.044	-149.448	-147.213
1744	P59189396	-340.159	-352.429	-356.071
1745	P59189396	-202.938	-212.358	-211.504
1746	P59189396	-341.179	-352.391	-354.175
1747	P59189795	-91.162	-92.595	-93.014
1748	P59189795	-169.488	-185.4	-192.642
1749	P59189795	-179.825	-190.936	-193.366
1750	P59196520	-316.789	-323.937	-318.83
1751	P59196520	-316.848	-319.595	-317.021
1752	P59196520	-320.335	-315.042	-320.982
1753	P59196627	-226.471	-237.776	-243.478
1754	P59196627	-226.345	-238.642	-243.649
1755	P59196627	-225.633	-236.255	-242.525
1756	P59196631	-172.075	-172.781	-178.81
1757	P59196631	-168.367	-169.392	-174.996
1758	P59196631	-171.852	-171.58	-177.409
1759	P59206719	-125.848	-123.855	-122.35
1760	P59206719	-222.792	-233.606	-233.393
1761	P59206719	-223.099	-235.037	-233.927
1762	P59209409	-251.649	-262.699	-268.823
1763	P59209409	-251.19	-261.624	-268.606
1764	P59209409	-251.365	-261.036	-266.385
1765	P59212462	-175.356	-181.178	-183.725
1766	P59212462	-175.099	-178.31	-182.226
1767	P59212462	-174.915	-186.878	-187.557
1768	P59218791	-334.005	-354.353	-353.641
1769	P59218791	-318.9	-329.365	-335.437
1770	P59218791	-336.717	-355.797	-356.997
1771	P59222017	-270.621	-279.393	-286.413
1772	P59222017	-271.553	-280.376	-288.458
1773	P59222017	-272.969	-283.072	-288.585
1774	P59226122	-145.306	-144.996	-144.711
1775	P59226122	-160.806	-162.516	-161.756
1776	P59226122	-145.166	-144.504	-144.42
1777	P59226569	-143.083	-155.487	-164.582
1778	P59226569	-121.417	-124.649	-133.273
1779	P59226569	-121.336	-123.533	-132.664
1780	P59227777	-267.421	-274.144	-277.852
1781	P59227777	-266.949	-273.859	-276.692
1782	P59227777	-266.925	-273.1	-275.385
1783	P59256584	-264.108	-256.699	-274.467
1784	P59256584	-272.335	-271.119	-283.269
1785	P59256584	-268.993	-269.928	-281.808
1786	P59258922	-324.514	-357.59	-367.639
1787	P59258922	-332.751	-352.631	-361.804
1788	P59258922	-331.164	-350.83	-359.614
1789	P59265102	-200.62	-202.927	-209.596
1790	P59265102	-204.44	-208.171	-212.514
1791	P59265102	-217.108	-224.753	-232.734
1792	P59266052	-215.7	-223.254	-229.001
1793	P59266052	-204.938	-208.934	-214.304
1794	P59266052	-239.115	-253.715	-256.22
1795	P59271833	-248.65	-249.449	-253.211
1796	P59271833	-265.422	-284.637	-283.084
1797	P59271833	-265.392	-284.826	-292.475
1798	P59272689	-252.466	-256.901	-258.695
1799	P59272689	-269.665	-279.985	-276.593
1800	P59272689	-252.273	-257.614	-259.38
1801	P59281545	-165.824	-181.39	-179.029
1802	P59281545	-118.881	-112.897	-124.005
1803	P59281545	-117.785	-113.056	-122.787
1804	P59283248	-242.422	-233.232	-246.248
1805	P59283248	-189.741	-197.715	-198.146
1806	P59283248	-261.631	-267.164	-267.48
1807	P59287211	-316.314	-331.838	-351.733
1808	P59287211	-317.232	-330.131	-348.706
1809	P59287211	-317.387	-335.695	-353.247
1810	P61362450	-315.736	-335.415	-340.885
1811	P61362450	-307.299	-314.426	-322.063
1812	P61362450	-303.879	-312.754	-319.797
1813	P61699507	-220.009	-225.12	-225.273
1814	P61699507	-220.542	-225.546	-225.941
1815	P61699507	-219.037	-221.428	-223.795
1816	P61756186	-200.62	-202.269	-197.496
1817	P61756186	-206.178	-199.102	-201.86
1818	P61756186	-197.918	-201.576	-197.08
1819	P62015341	-255.186	-272.558	-270.763
1820	P62015341	-250.978	-266.635	-265.906
1821	P62015341	-252.278	-269.955	-267.905
1822	P62045751	-237.972	-249.759	-249.059
1823	P62045751	-186.51	-181.13	-186.575
1824	P62045751	-199.642	-204.947	-204.767
1825	P62297163	-201.67	-203.165	-210.904
1826	P62297163	-265.949	-282.432	-276.505
1827	P62297163	-253.692	-269.396	-259.849
1828	P63099569	-199.692	-214.598	-214.164
1829	P63099569	-189.971	-208.598	-208.786
1830	P63099569	-181.767	-189.564	-188.944
1831	P63136420	-235.808	-233.369	-237.594
1832	P63136420	-257.766	-266.481	-268.521
1833	P63136420	-240.876	-236.585	-239.794
1834	P63626237	-285.895	-314.348	-311.847
1835	P63626237	-250.211	-260.449	-256.551
1836	P63626237	-253.154	-266.269	-261.752
1837	P63626243	-300.134	-322.535	-323.447
1838	P63626243	-299.377	-322.57	-322.823
1839	P63626243	-253.709	-258.109	-264.236
1840	P64028897	-211.586	-220.1	-223.605
1841	P64028897	-210.544	-217.854	-223.587
1842	P64028897	-164.855	-162.669	-168.135
1843	P64172446	-271.227	-285.277	-288.979
1844	P64172446	-270.232	-284.572	-287.739
1845	P64172446	-268.834	-284.376	-286.893
1846	P64180713	-300.731	-312.884	-311.379
1847	P64180713	-298.754	-311.662	-311.005
1848	P64180713	-301.132	-313.199	-311.407
1849	P64228181	-226.505	-229.005	-227.44
1850	P64228181	-215.771	-205.364	-207.234
1851	P64228181	-214.492	-206.062	-208.436
1852	P64253528	-267.24	-273.832	-274.03
1853	P64253528	-282.55	-297.593	-294.168
1854	P64253528	-267.17	-274.657	-273.76
1855	P64455707	-159.425	-167.31	-166.128
1856	P64455707	-153.306	-162.843	-157.702
1857	P64455707	-168.149	-171.097	-175.377
1858	P64697126	-170.344	-169.666	-170.093
1859	P64697126	-190.821	-192.941	-191.384
1860	P64697126	-155.42	-157.658	-152.531
1861	P64697131	-228.031	-230.022	-226.742
1862	P64697131	-197.279	-209.633	-204.038
1863	P64697131	-226.36	-229.452	-225.837
1864	P64802051	-235.9	-245.855	-242.328
1865	P64802051	-211.866	-223.865	-222.441
1866	P64802051	-225.378	-240.427	-239.029
1867	P65671964	-250.311	-262.357	-264.93
1868	P65671964	-249.662	-264.568	-264.657
1869	P65671964	-234.581	-242.759	-250.383
1870	P65800134	-318.279	-331.272	-333.254
1871	P65800134	-314.027	-329.288	-330.284
1872	P65800134	-318.641	-332.001	-333.027
1873	P65814915	-230.682	-225.583	-226.722
1874	P65814915	-233.347	-227.699	-234.047
1875	P65814915	-208.606	-202.145	-204.535
1876	P65844825	-324.224	-353.762	-365.803
1877	P65844825	-332.587	-350.077	-371.736
1878	P65844825	-327.427	-345.271	-366.751
1879	P67536890	-258.121	-268.878	-282.654
1880	P67536890	-144.942	-137.955	-137.959
1881	P67536890	-258.467	-268.131	-282.838
1882	P67567813	-207.567	-222.954	-225.683
1883	P67567813	-207.974	-224.895	-227.077
1884	P67567813	-206.102	-220.826	-224.716
1885	P67642595	-291.777	-297.015	-301.247
1886	P67642595	-308.243	-324.883	-325.581
1887	P67642595	-305.633	-328.111	-328.745
1888	P67724420	-339.371	-356.988	-364.625
1889	P67724420	-349.557	-365.314	-375.526
1890	P67724420	-335.062	-350.653	-359.294
1891	P68029185	-268.692	-261.971	-268.316
1892	P68029185	-292.192	-302.011	-307.154
1893	P68029185	-272.56	-268.851	-273.013
1894	P68163510	-312.497	-343.383	-351.922
1895	P68163510	-312.219	-343.424	-351.785
1896	P68163510	-312.784	-343.434	-352.65
1897	P68352726	-284.42	-290.633	-298.161
1898	P68352726	-281.225	-287.372	-292.64
1899	P68352726	-283.269	-290.602	-295.632
1900	P68979214	-221.406	-238.815	-248.789
1901	P68979214	-225.726	-245.551	-248.977
1902	P68979214	-228.512	-251.755	-254.958
1903	P68979660	-315.002	-332.808	-344.781
1904	P68979660	-312.813	-331.093	-340.257
1905	P68979660	-359.779	-375.631	-386.024
1906	P73533756	-296.87	-309.494	-314.882
1907	P73533756	-319.329	-344.115	-353.16
1908	P73533756	-333.251	-341.676	-342.513
1909	P73870783	-246.862	-258.245	-253.551
1910	P73870783	-236.555	-240.394	-238.274
1911	P73870783	-153.91	-150.58	-162.475
1912	P73871105	-118.447	-121.191	-117.935
1913	P73871105	-113.641	-114.522	-114.895
1914	P73871105	-103.15	-103.533	-104.626
1915	P73908372	-275.434	-285.115	-294.843
1916	P73908372	-267.796	-280.544	-289.793
1917	P73908372	-228.603	-227.773	-227.237
1918	P74164407	-138.83	-146.098	-145.779
1919	P74164407	-136.451	-144.01	-143.025
1920	P74164407	-138.294	-145.434	-145.289
1921	P74475863	-181.752	-191.221	-187.676
1922	P74475863	-188.795	-198.929	-196.398
1923	P74475863	-181.657	-191.371	-198.685
1924	P75125258	-264.103	-283.849	-282.628
1925	P75125258	-263.419	-285.115	-283.748
1926	P75125258	-261.979	-278.89	-277.47
1927	P75337552	-183.615	-190.615	-190.929
1928	P75337552	-181.947	-188.186	-188.415
1929	P75337552	-201.013	-210.373	-210.427
1930	P75370583	-246.872	-268.193	-265.16
1931	P75370583	-245.986	-265.612	-262.128
1932	P75370583	-248.205	-268.122	-264.747
1933	P75387699	-279.226	-292.853	-292.427
1934	P75387699	-263.374	-271.277	-272.711
1935	P75387699	-277.616	-285.016	-289.482
1936	P75623100	-229.479	-232.591	-231.151
1937	P75623100	-198.418	-202.966	-202.066
1938	P75623100	-197.271	-200.242	-199.881
1939	P76195762	-234.377	-252.869	-260.995
1940	P76195762	-232.309	-250.07	-258.196
1941	P76195762	-233.629	-249.493	-258.877
1942	P76195766	-247.226	-265.254	-271.57
1943	P76195766	-250.189	-269.897	-272.534
1944	P76195766	-229.361	-224.332	-236.765
1945	P76195773	-304.128	-323.535	-328.297
1946	P76195773	-306.053	-329.606	-329.749
1947	P76195773	-303.463	-325.055	-328.764
1948	P77486809	-306.205	-329.768	-332.707
1949	P77486809	-339.535	-363.957	-372.847
1950	P77486809	-234.616	-234.797	-247.812
1951	P77894012	-241.154	-253.521	-255.575
1952	P77894012	-266.83	-276.3	-282.392
1953	P77894012	-266.312	-278.544	-283.238
1954	P77894025	-275.396	-285.718	-286.833
1955	P77894025	-271.456	-281.218	-282.487
1956	P77894025	-268.004	-278.827	-278.189
1957	P77894213	-284.208	-300.072	-298.469
1958	P77894213	-286.906	-298.736	-304.801
1959	P77894213	-282.43	-296.324	-298.76
1960	P78173677	-213.584	-218.038	-220.96
1961	P78173677	-216.03	-219.961	-222.985
1962	P78173677	-216.396	-220.473	-224.607
1963	P78293840	-115.45	-114.06	-117.344
1964	P78293840	-132.939	-139.57	-139.08
1965	P78293840	-154.365	-163.038	-174.376
1966	P79172207	-191.41	-182.492	-187.745
1967	P79172207	-190.816	-183.068	-190.434
1968	P79172207	-190.666	-183.113	-189.692
1969	P79172794	-188.035	-199.215	-197.118
1970	P79172794	-189.989	-192.271	-201.69
1971	P79172794	-217.459	-227.672	-229.572
1972	P79172876	-106.191	-111.992	-115.269
1973	P79172876	-121.787	-119.25	-121.571
1974	P79172876	-121.946	-119.445	-121.635
1975	P79172948	-257.689	-275.646	-280.973
1976	P79172948	-260.129	-278.861	-283.22
1977	P79172948	-259.612	-279.143	-282.494
1978	P79173354	-216.857	-225.814	-234.692
1979	P79173354	-225.2	-237.969	-242.51
1980	P79173354	-221.852	-223.464	-227.605
1981	P79173437	-227.27	-232.985	-254.959
1982	P79173437	-220.824	-224.398	-246.022
1983	P79173437	-221.991	-224.456	-245.814
1984	P79173494	-179.3	-181.26	-179.687
1985	P79173494	-193.622	-196.926	-195.266
1986	P79173494	-178.134	-176.626	-178.957
1987	P79174068	-260.626	-272.489	-284.963
1988	P79174068	-188.297	-187.975	-187.076
1989	P79174068	-192.752	-191.26	-192.452
1990	P79174237	-233.749	-240.42	-242.1
1991	P79174237	-259.79	-271.296	-270.46
1992	P79174237	-240.927	-245.299	-248.843
1993	P80606699	-125.323	-126.262	-130.631
1994	P80606699	-239.457	-249.079	-252.977
1995	P80606699	-213.221	-217.482	-212.21
1996	P81223885	-122.873	-125.876	-131.463
1997	P81223885	-122.475	-124.482	-131.197
1998	P81223885	-122.283	-124.463	-130.272
1999	P81465850	-186.445	-195.006	-199.62
2000	P81465850	-228.405	-232.68	-239.252
2001	P81465850	-200.947	-206.926	-209.597
2002	P81477780	-303.759	-326.669	-321.521
2003	P81477780	-305.056	-326.258	-322.946
2004	P81477780	-309.051	-329.408	-330.438
2005	P81941646	-201.465	-207.615	-212.556
2006	P81941646	-200.398	-207.284	-211.808
2007	P81941646	-200.739	-205.901	-210.53
2008	P81963250	-278.359	-294.987	-299.375
2009	P81963250	-280.112	-295.01	-301.348
2010	P81963250	-278.025	-293.617	-298.695
2011	P82714613	-142.312	-151.774	-145.838
2012	P82714613	-200.065	-194.524	-199.12
2013	P82714613	-198.551	-193.746	-198.729
2014	P82752793	-267.913	-270.717	-274.015
2015	P82752793	-192.256	-190.303	-202.956
2016	P82752793	-263.398	-266.581	-270.164
2017	P83044258	-249.112	-259.57	-264.119
2018	P83044258	-255.29	-266.005	-265.946
2019	P83044258	-248.707	-272.538	-267.672
2020	P85528058	-477.269	-484.151	-490.668
2021	P85528058	-488.038	-507.812	-515.419
2022	P85528058	-514.9	-539.112	-547.07
2023	P86488201	-276.117	-289.204	-287.916
2024	P86488201	-290.531	-297.298	-305.579
2025	P86488201	-291.514	-297.657	-301.645
2026	P87594870	-170.658	-173.0	-170.951
2027	P87594870	-157.857	-162.803	-155.724
2028	P87594870	-170.681	-178.056	-167.652
2029	P88284214	-274.734	-287.796	-294.222
2030	P88284214	-285.308	-292.908	-299.17
2031	P88284214	-285.06	-297.172	-303.123
2032	P89439733	-196.22	-187.602	-194.894
2033	P89439733	-197.098	-187.887	-194.835
2034	P89439733	-193.953	-184.59	-192.084
2035	P89471713	-199.488	-200.715	-201.223
2036	P89471713	-164.35	-163.96	-163.565
2037	P89471713	-186.849	-192.625	-192.642
2038	P89490598	-288.043	-299.15	-306.858
2039	P89490598	-286.48	-297.406	-304.679
2040	P89490598	-270.087	-283.288	-283.788
2041	P89636379	-373.079	-399.491	-396.052
2042	P89636379	-370.218	-402.935	-395.737
2043	P89636379	-369.61	-403.03	-397.748
2044	P89706016	-239.221	-250.41	-254.184
2045	P89706016	-238.496	-250.415	-253.688
2046	P89706016	-151.763	-152.147	-151.396
2047	P89777314	-343.35	-362.006	-370.389
2048	P89777314	-333.768	-347.084	-356.816
2049	P89777314	-337.152	-346.828	-350.895
2050	P90043417	-191.001	-208.598	-208.454
2051	P90043417	-190.141	-208.733	-208.208
2052	P90043417	-190.96	-208.779	-208.407
2053	P90271950	-192.576	-201.982	-197.016
2054	P90271950	-160.441	-163.178	-164.508
2055	P90271950	-160.28	-168.093	-164.112
2056	P90279768	-320.09	-320.216	-326.692
2057	P90279768	-318.451	-323.957	-329.615
2058	P90279768	-344.211	-355.862	-358.509
2059	P90559334	-305.809	-307.534	-311.282
2060	P90559334	-346.09	-364.969	-366.728
2061	P90559334	-328.15	-333.564	-339.907
2062	P90759627	-249.241	-257.708	-265.798
2063	P90759627	-248.811	-257.763	-265.314
2064	P90759627	-247.326	-255.661	-263.263
2065	P90796443	-209.947	-219.363	-224.81
2066	P90796443	-193.235	-188.41	-191.381
2067	P90796443	-193.298	-188.072	-191.067
2068	P90971329	-291.073	-310.619	-314.39
2069	P90971329	-290.936	-310.481	-314.318
2070	P90971329	-292.006	-312.78	-315.578
2071	P91022784	-173.539	-177.724	-178.525
2072	P91022784	-169.695	-174.189	-175.135
2073	P91022784	-172.908	-177.986	-178.904
2074	P91157398	-206.029	-217.115	-219.473
2075	P91157398	-204.525	-213.652	-217.112
2076	P91157398	-210.742	-216.137	-222.819
2077	P91450424	-205.78	-216.282	-219.656
2078	P91450424	-205.845	-215.682	-218.718
2079	P91450424	-208.232	-216.877	-219.893
2080	P92124051	-175.414	-185.254	-186.118
2081	P92124051	-150.329	-158.856	-159.756
2082	P92124051	-149.717	-152.41	-148.45
2083	P93108836	-130.062	-120.168	-124.748
2084	P93108836	-131.145	-120.108	-125.953
2085	P93108836	-130.853	-123.16	-128.736
2086	P93434937	-252.407	-264.622	-269.81
2087	P93434937	-251.427	-265.43	-271.796
2088	P93434937	-252.471	-264.484	-269.803
2089	P94524980	-209.944	-216.068	-215.781
2090	P94524980	-208.694	-214.48	-215.459
2091	P94524980	-209.315	-215.701	-216.529
2092	P94526039	-200.394	-201.562	-205.679
2093	P94526039	-201.48	-201.756	-206.982
2094	P94526039	-217.658	-215.936	-214.674
2095	P94526708	-169.256	-169.768	-171.023
2096	P94526708	-172.27	-175.406	-170.159
2097	P94526708	-175.899	-183.573	-175.862
2098	P94894621	-131.175	-130.544	-131.299
2099	P94894621	-133.983	-133.858	-134.387
2100	P94894621	-135.486	-134.798	-137.51
2101	P95110106	-335.545	-365.32	-375.123
2102	P95110106	-332.159	-360.622	-369.54
2103	P95110106	-332.979	-361.193	-371.837
2104	P95345629	-150.353	-153.373	-150.773
2105	P95345629	-204.802	-206.981	-216.353
2106	P95345629	-205.944	-209.982	-218.957
2107	P95367927	-236.964	-241.72	-245.769
2108	P95367927	-237.82	-243.734	-246.942
2109	P95367927	-236.034	-242.884	-248.363
2110	P95487929	-281.467	-274.412	-273.37
2111	P95487929	-285.955	-283.508	-281.03
2112	P95487929	-286.353	-274.369	-276.125
2113	P95995914	-172.331	-170.252	-175.759
2114	P95995914	-168.292	-161.432	-167.915
2115	P95995914	-173.305	-175.106	-176.725
2116	P95995925	-159.981	-158.887	-157.978
2117	P95995925	-163.235	-167.254	-166.352
2118	P95995925	-179.551	-180.643	-178.154
2119	P96214832	-240.427	-256.161	-257.058
2120	P96214832	-241.299	-256.385	-257.783
2121	P96214832	-241.281	-256.686	-258.153
2122	P96396442	-179.636	-179.037	-181.321
2123	P96396442	-189.31	-188.087	-190.299
2124	P96396442	-208.614	-208.97	-216.642
2125	P96396501	-251.582	-257.763	-268.714
2126	P96396501	-254.109	-259.769	-270.072
2127	P96396501	-253.373	-259.607	-270.298
2128	P96399081	-254.957	-259.278	-264.901
2129	P96399081	-252.36	-255.744	-253.645
2130	P96399081	-249.101	-253.012	-249.799
2131	P96601169	-103.433	-109.703	-107.59
2132	P96601169	-141.764	-147.513	-148.226
2133	P96601169	-142.519	-147.64	-148.667
2134	P96628060	-189.718	-197.378	-193.361
2135	P96628060	-189.74	-197.231	-193.883
2136	P96628060	-190.004	-197.441	-194.059
2137	P96710992	-360.317	-390.832	-398.626
2138	P96710992	-362.199	-393.851	-401.49
2139	P96710992	-361.911	-393.275	-401.784
2140	P96734705	-290.909	-309.842	-315.366
2141	P96734705	-291.995	-311.311	-316.727
2142	P96734705	-295.486	-310.595	-317.06
2143	P96765871	-158.407	-159.813	-161.786
2144	P96765871	-136.91	-141.392	-140.488
2145	P96765871	-130.575	-134.252	-135.972
2146	P96869024	-291.291	-296.953	-309.084
2147	P96869024	-291.918	-296.776	-308.932
2148	P96869024	-281.564	-293.24	-296.699
2149	P97021190	-184.926	-194.942	-192.424
2150	P97021190	-181.352	-193.389	-188.222
2151	P97021190	-173.92	-189.045	-186.934
2152	P97021282	-232.946	-252.606	-250.007
2153	P97021282	-228.938	-248.482	-242.592
2154	P97021282	-230.298	-250.14	-243.662
2155	P98299485	-295.851	-306.959	-307.92
2156	P98299485	-302.015	-314.849	-314.793
2157	P98299485	-301.408	-316.587	-314.41
2158	adenine	-407.388	-443.938	-445.782
2159	adenine	-402.913	-441.386	-443.134
2160	adenine	-406.998	-445.301	-446.33
2161	benzimidazole	-305.831	-330.729	-340.281
2162	benzimidazole	-309.368	-333.481	-343.562
2163	benzimidazole	-305.932	-330.329	-339.63
2164	guanine	-416.103	-459.441	-466.823
2165	guanine	-418.547	-461.14	-468.794
2166	guanine	-417.191	-459.035	-467.042
2167	hypoxanthine	-374.673	-402.189	-412.868
2168	hypoxanthine	-372.972	-400.992	-412.534
2169	hypoxanthine	-371.357	-399.885	-411.679
2170	purine	-381.191	-408.85	-413.101
2171	purine	-381.763	-409.116	-413.301
2172	purine	-380.359	-408.889	-412.62
2173	xanthine	-424.326	-459.608	-472.51
2174	xanthine	-422.761	-459.138	-471.898
2175	xanthine	-419.824	-475.744	-483.075
